필살기 돈가츠 가로수길점,강남구,와 너무너무너무너무 맛있게 먹었어요 오랜만에 남편이랑 둘이서 방문했는데 이렇게 부드러운 돈가스 오랜만에 먹 이어봐요 다음에 또 방문할게요,1.0,"['맛있게', '먹었어요', '오랜', '남편', '둘이서', '방문', '했는데', '부드러운', '돈가스', '오랜', '이어', '봐요', '또', '방문']","[('와', 'Verb'), ('너무', 'Adverb'), ('너무', 'Adverb'), ('너무', 'Adverb'), ('너무', 'Adverb'), ('맛있게', 'Adjective'), ('먹었어요', 'Verb'), ('오랜', 'Modifier'), ('만', 'Noun'), ('에', 'Josa'), ('남편', 'Noun'), ('이랑', 'Josa'), ('둘이서', 'Noun'), ('방문', 'Noun'), ('했는데', 'Verb'), ('이렇게', 'Adverb'), ('부드러운', 'Adjective'), ('돈가스', 'Noun'), ('오랜', 'Modifier'), ('만', 'Noun'), ('에', 'Josa'), ('먹', 'Verb'), ('이어', 'Verb'), ('봐요', 'Verb'), ('다음', 'Noun'), ('에', 'Josa'), ('또', 'Noun'), ('방문', 'Noun'), ('할게요', 'Verb')]"
필살기 돈가츠 가로수길점,강남구,맛있게 잘 먹었습니다 ㅎㅎㅎ 멘체 가츠 부드러워요 카레는 살짝 짰어요 ㅠㅠ,1.0,"['맛있게', '잘', '먹었습니다', '가츠', '부드러워요', '카레', '살짝', '짰어요']","[('맛있게', 'Adjective'), ('잘', 'Verb'), ('먹었습니다', 'Verb'), ('ㅎㅎㅎ', 'KoreanParticle'), ('멘', 'Verb'), ('체', 'Noun'), ('가츠', 'Noun'), ('부드러워요', 'Adjective'), ('카레', 'Noun'), ('는', 'Josa'), ('살짝', 'Noun'), ('짰어요', 'Verb'), ('ㅠㅠ', 'KoreanParticle')]"
필살기 돈가츠 가로수길점,강남구,언제 먹어도 맛있네요 ㅎㅎ,1.0,"['먹어도', '맛있네요']","[('언제', 'Noun'), ('먹어도', 'Verb'), ('맛있네요', 'Adjective'), ('ㅎㅎ', 'KoreanParticle')]"
필살기 돈가츠 가로수길점,강남구,필살기 돈가스 찾은 이후로 진짜 매번 방문했는데 이제서야 영수증 리뷰 써요 ㅠㅠ 가로수길에서 다 비슷비슷한 음식만 먹었는데 여긴 다른 것 같아요 특히 제 최애인 얼큰 나가사키 짬뽕은 항상 일품입니다,1.0,"['필살기', '돈가스', '찾은', '이후', '방문', '했는데', '서야', '영수증', '리뷰', '써요', '가로수길', '비슷', '비슷한', '음식', '먹었는데', '여긴', '같아요', '최애', '나가사키', '짬뽕', '항상', '일품']","[('필살기', 'Noun'), ('돈가스', 'Noun'), ('찾은', 'Verb'), ('이후', 'Noun'), ('로', 'Josa'), ('진짜', 'Noun'), ('매번', 'Noun'), ('방문', 'Noun'), ('했는데', 'Verb'), ('이제', 'Noun'), ('서야', 'Verb'), ('영수증', 'Noun'), ('리뷰', 'Noun'), ('써요', 'Verb'), ('ㅠㅠ', 'KoreanParticle'), ('가로수길', 'Noun'), ('에서', 'Josa'), ('다', 'Adverb'), ('비슷', 'Noun'), ('비슷한', 'Adjective'), ('음식', 'Noun'), ('만', 'Josa'), ('먹었는데', 'Verb'), ('여긴', 'Verb'), ('다른', 'Noun'), ('것', 'Noun'), ('같아요', 'Adjective'), ('특히', 'Adverb'), ('제', 'Noun'), ('최애', 'Noun'), ('인', 'Josa'), ('얼', 'Noun'), ('큰', 'Verb'), ('나가사키', 'Noun'), ('짬뽕', 'Noun'), ('은', 'Josa'), ('항상', 'Noun'), ('일품', 'Noun'), ('입니다', 'Adjective')]"
필살기 돈가츠 가로수길점,강남구,바삭한 건 없고 튀김이랑 고기랑 이중 분리되긴 했지만 잘 먹었어요 직원분이 친절하셔서 기분 좋은 점심이었어요,1.0,"['바삭', '없고', '튀김', '고기랑', '이중', '분리', '되긴', '했지만', '잘', '먹었어요', '직원', '친절하셔서', '기분', '좋은', '점심', '이었어요']","[('바삭', 'Noun'), ('한', 'Josa'), ('건', 'Noun'), ('없고', 'Adjective'), ('튀김', 'Noun'), ('이랑', 'Josa'), ('고기랑', 'Noun'), ('이중', 'Noun'), ('분리', 'Noun'), ('되긴', 'Verb'), ('했지만', 'Verb'), ('잘', 'Verb'), ('먹었어요', 'Verb'), ('직원', 'Noun'), ('분', 'Suffix'), ('이', 'Josa'), ('친절하셔서', 'Adjective'), ('기분', 'Noun'), ('좋은', 'Adjective'), ('점심', 'Noun'), ('이었어요', 'Verb')]"
필살기 돈가츠 가로수길점,강남구,굿굿 맛있어요,1.0,"['굿굿', '맛있어요']","[('굿굿', 'Noun'), ('맛있어요', 'Adjective')]"
필살기 돈가츠 가로수길점,강남구,음식이 깔끔하게 나오고 맛있습니다 잘못 나온 질긴 부위도 알아서 바꿔주시고 잘 먹었습니다 추천해요,1.0,"['음식', '깔끔하게', '나오고', '맛있습니다', '잘못', '나온', '질긴', '부위', '알아서', '바꿔주시고', '잘', '먹었습니다', '추천']","[('음식', 'Noun'), ('이', 'Josa'), ('깔끔하게', 'Adjective'), ('나오고', 'Verb'), ('맛있습니다', 'Adjective'), ('잘못', 'Noun'), ('나온', 'Verb'), ('질긴', 'Verb'), ('부위', 'Noun'), ('도', 'Josa'), ('알아서', 'Verb'), ('바꿔주시고', 'Verb'), ('잘', 'Verb'), ('먹었습니다', 'Verb'), ('추천', 'Noun'), ('해요', 'Verb')]"
필살기 돈가츠 가로수길점,강남구,진짜 돈가스는 여기서만 먹어요 어떻게 이렇게 맛있을 수 있죠 와 매번 리뷰 쓰지만 이건 진짜 개 강추 꼭 먹어보셔욥 ㅠㅠㅠㅠㅠㅠ,1.0,"['돈가스', '먹어요', '맛있을', '있죠', '리뷰', '쓰지만', '강추', '먹어', '보셔', 'ㅠㅠㅠㅠㅠㅠ']","[('진짜', 'Noun'), ('돈가스', 'Noun'), ('는', 'Josa'), ('여기', 'Noun'), ('서', 'Josa'), ('만', 'Noun'), ('먹어요', 'Verb'), ('어떻게', 'Adjective'), ('이렇게', 'Adverb'), ('맛있을', 'Adjective'), ('수', 'Noun'), ('있죠', 'Adjective'), ('와', 'Verb'), ('매번', 'Noun'), ('리뷰', 'Noun'), ('쓰지만', 'Verb'), ('이건', 'Noun'), ('진짜', 'Noun'), ('개', 'Noun'), ('강추', 'Noun'), ('꼭', 'Noun'), ('먹어', 'Verb'), ('보셔', 'Verb'), ('욥', 'Noun'), ('ㅠㅠㅠㅠㅠㅠ', 'KoreanParticle')]"
필살기 돈가츠 가로수길점,강남구,리뷰 보고 찾아갔는데 돈가스 진짜 부드럽고 짱 맛있었어요 재방문의 사 프로입니다,1.0,"['리뷰', '찾아갔는데', '돈가스', '부드럽고', '맛있었어요', '방문', '프로']","[('리뷰', 'Noun'), ('보고', 'Noun'), ('찾아갔는데', 'Verb'), ('돈가스', 'Noun'), ('진짜', 'Noun'), ('부드럽고', 'Adjective'), ('짱', 'Noun'), ('맛있었어요', 'Adjective'), ('재', 'Noun'), ('방문', 'Noun'), ('의', 'Josa'), ('사', 'Noun'), ('프로', 'Noun'), ('입니다', 'Adjective')]"
필살기 돈가츠 가로수길점,강남구,맛있게 잘 먹었어요,1.0,"['맛있게', '잘', '먹었어요']","[('맛있게', 'Adjective'), ('잘', 'Verb'), ('먹었어요', 'Verb')]"
필살기 돈가츠 가로수길점,강남구,리뷰 보고 찾아갔는데 대만족했어요  돈가스 너무 부드럽고 느끼함이 하나도 없었어요 ㅜㅜ 치즈 가츠가 젤 제 입맛에 맞아요 치즈가 정말 찐이에요 ㅋㅋㅋㅋ 소바랑 나가사키 짬뽕까지 다양하게 시켰는데 다 너무 만족했어요 서비스도 너무 친절하시고 재방문 의사입니다,1.0,"['리뷰', '찾아갔는데', '만족했어요', '돈가스', '부드럽고', '느끼함이', '없었어요', '치즈', '가츠', '입맛', '맞아요', '치즈', '찐이에요', '소바', '나가사키', '짬뽕', '다양하게', '시켰는데', '만족했어요', '서비스', '친절하시고', '방문', '의사']","[('리뷰', 'Noun'), ('보고', 'Noun'), ('찾아갔는데', 'Verb'), ('대', 'Verb'), ('만족했어요', 'Adjective'), ('돈가스', 'Noun'), ('너무', 'Adverb'), ('부드럽고', 'Adjective'), ('느끼함이', 'Adjective'), ('하나', 'Noun'), ('도', 'Josa'), ('없었어요', 'Adjective'), ('ㅜㅜ', 'KoreanParticle'), ('치즈', 'Noun'), ('가츠', 'Noun'), ('가', 'Josa'), ('젤', 'Noun'), ('제', 'Noun'), ('입맛', 'Noun'), ('에', 'Josa'), ('맞아요', 'Verb'), ('치즈', 'Noun'), ('가', 'Josa'), ('정말', 'Noun'), ('찐이에요', 'Verb'), ('ㅋㅋㅋㅋ', 'KoreanParticle'), ('소바', 'Noun'), ('랑', 'Josa'), ('나가사키', 'Noun'), ('짬뽕', 'Noun'), ('까지', 'Josa'), ('다양하게', 'Adjective'), ('시켰는데', 'Verb'), ('다', 'Adverb'), ('너무', 'Adverb'), ('만족했어요', 'Adjective'), ('서비스', 'Noun'), ('도', 'Josa'), ('너무', 'Adverb'), ('친절하시고', 'Adjective'), ('재', 'Noun'), ('방문', 'Noun'), ('의사', 'Noun'), ('입니다', 'Adjective')]"
필살기 돈가츠 가로수길점,강남구,인생 치킨 가츠동 너무 맛있어요 정성 가득하고 좋은 재료 사용하신 거 정말 느껴져요,1.0,"['인생', '치킨', '가츠동', '맛있어요', '정성', '가득하고', '좋은', '재료', '사용', '하신', '느껴져요']","[('인생', 'Noun'), ('치킨', 'Noun'), ('가츠동', 'Noun'), ('너무', 'Adverb'), ('맛있어요', 'Adjective'), ('정성', 'Noun'), ('가득하고', 'Adjective'), ('좋은', 'Adjective'), ('재료', 'Noun'), ('사용', 'Noun'), ('하신', 'Verb'), ('거', 'Noun'), ('정말', 'Noun'), ('느껴져요', 'Verb')]"
필살기 돈가츠 가로수길점,강남구,후기가 좋아서 갔는데 맛은 있으나 돈가스가 좀 뜨겁지 않다고 해야 하나 바로 튀긴 것치고는 좀 미적지근했어요 절반 먹고 나니 다 식어서 끝부분에 맛이 좀 아쉬웠네요 분위기 좋고 직원분들도 친절하세요,0.0,"['후기', '좋아서', '갔는데', '맛', '있으나', '돈가스', '뜨겁지', '않다고', '해야', '튀긴', '치고는', '미적지근했어요', '절반', '먹고', '나니', '식어서', '맛', '아쉬웠네요', '분위기', '좋고', '직원', '분들', '친절하세요']","[('후기', 'Noun'), ('가', 'Josa'), ('좋아서', 'Adjective'), ('갔는데', 'Verb'), ('맛', 'Noun'), ('은', 'Josa'), ('있으나', 'Adjective'), ('돈가스', 'Noun'), ('가', 'Josa'), ('좀', 'Noun'), ('뜨겁지', 'Adjective'), ('않다고', 'Verb'), ('해야', 'Verb'), ('하나', 'Noun'), ('바로', 'Noun'), ('튀긴', 'Verb'), ('것', 'Noun'), ('치고는', 'Josa'), ('좀', 'Noun'), ('미적지근했어요', 'Adjective'), ('절반', 'Noun'), ('먹고', 'Verb'), ('나니', 'Noun'), ('다', 'Adverb'), ('식어서', 'Verb'), ('끝', 'Noun'), ('부분', 'Noun'), ('에', 'Josa'), ('맛', 'Noun'), ('이', 'Josa'), ('좀', 'Noun'), ('아쉬웠네요', 'Adjective'), ('분위기', 'Noun'), ('좋고', 'Adjective'), ('직원', 'Noun'), ('분들', 'Suffix'), ('도', 'Josa'), ('친절하세요', 'Adjective')]"
필살기 돈가츠 가로수길점,강남구,맛있었어요,1.0,['맛있었어요'],"[('맛있었어요', 'Adjective')]"
필살기 돈가츠 가로수길점,강남구,위에 파마산 가루만 너무 많아서 매운 치즈 가츠동은 쪼금 아쉬웠어요ㅠ 그래도 사장님께서 친절하게 말씀 주셔서 감사했습니다,1.0,"['마산', '가루', '많아서', '매운', '치즈', '가츠동', '쪼금', '아쉬웠어요', '사장', '께서', '친절하게', '말씀', '주셔서', '감사했습니다']","[('위', 'Noun'), ('에', 'Josa'), ('파', 'Noun'), ('마산', 'Noun'), ('가루', 'Noun'), ('만', 'Josa'), ('너무', 'Adverb'), ('많아서', 'Adjective'), ('매운', 'Adjective'), ('치즈', 'Noun'), ('가츠동', 'Noun'), ('은', 'Josa'), ('쪼금', 'Noun'), ('아쉬웠어요', 'Adjective'), ('ㅠ', 'KoreanParticle'), ('그래도', 'Adverb'), ('사장', 'Noun'), ('님', 'Suffix'), ('께서', 'Josa'), ('친절하게', 'Adjective'), ('말씀', 'Noun'), ('주셔서', 'Verb'), ('감사했습니다', 'Verb')]"
필살기 돈가츠 가로수길점,강남구,여기 치즈 가츠  진짜 맛있어요 치즈스틱처럼 늘어나고 나오자마자 먹었을 때가 진짜  너무 맛있어요 친구가 여기 돈가스에 빠져서 다음 주에 또 오자네요,1.0,"['치즈', '가츠', '맛있어요', '치즈스틱', '늘어나고', '나오자마자', '먹었을', '맛있어요', '친구', '돈가스', '빠져서', '또', '오자네요']","[('여기', 'Noun'), ('치즈', 'Noun'), ('가츠', 'Noun'), ('진짜', 'Noun'), ('맛있어요', 'Adjective'), ('치즈스틱', 'Noun'), ('처럼', 'Josa'), ('늘어나고', 'Verb'), ('나오자마자', 'Verb'), ('먹었을', 'Verb'), ('때', 'Noun'), ('가', 'Josa'), ('진짜', 'Noun'), ('너무', 'Adverb'), ('맛있어요', 'Adjective'), ('친구', 'Noun'), ('가', 'Josa'), ('여기', 'Noun'), ('돈가스', 'Noun'), ('에', 'Josa'), ('빠져서', 'Verb'), ('다음', 'Noun'), ('주', 'Noun'), ('에', 'Josa'), ('또', 'Noun'), ('오자네요', 'Verb')]"
필살기 돈가츠 가로수길점,강남구,치즈 가츠는 치즈 좋은 거 사용하시는 것 같아요 너무 맛있어요,1.0,"['치즈', '가츠', '치즈', '좋은', '사용', '하시는', '같아요', '맛있어요']","[('치즈', 'Noun'), ('가츠', 'Noun'), ('는', 'Josa'), ('치즈', 'Noun'), ('좋은', 'Adjective'), ('거', 'Noun'), ('사용', 'Noun'), ('하시는', 'Verb'), ('것', 'Noun'), ('같아요', 'Adjective'), ('너무', 'Adverb'), ('맛있어요', 'Adjective')]"
필살기 돈가츠 가로수길점,강남구,음식이 너무 맛있어요 제가 먹어본 돈가스 중에 제일 맛 집이라고 자부할 수 있을 정도로 최고예요 사이즈 메뉴 중에 미니 냉가락국수이라고 있는데 그게 진짜 별미에요 사장님 번창하세요 너무 맛있어요 아르바이트생들도 예쁘고 다들 친절해서 기분 좋은 식사했습니다 감사합니다,1.0,"['음식', '맛있어요', '먹어', '돈가스', '맛', '자부', '있을', '최고', '사이즈', '메뉴', '미니', '가락국수', '있는데', '그게', '별미', '사장', '번창', '하세요', '맛있어요', '아르바이트생', '예쁘고', '친절해서', '기분', '좋은', '식사', '했습니다', '감사합니다']","[('음식', 'Noun'), ('이', 'Josa'), ('너무', 'Adverb'), ('맛있어요', 'Adjective'), ('제', 'Noun'), ('가', 'Josa'), ('먹어', 'Verb'), ('본', 'Verb'), ('돈가스', 'Noun'), ('중', 'Noun'), ('에', 'Josa'), ('제일', 'Noun'), ('맛', 'Noun'), ('집', 'Noun'), ('이라고', 'Josa'), ('자부', 'Noun'), ('할', 'Verb'), ('수', 'Noun'), ('있을', 'Adjective'), ('정도', 'Noun'), ('로', 'Josa'), ('최고', 'Noun'), ('예요', 'Josa'), ('사이즈', 'Noun'), ('메뉴', 'Noun'), ('중', 'Noun'), ('에', 'Josa'), ('미니', 'Noun'), ('냉', 'Noun'), ('가락국수', 'Noun'), ('이라고', 'Josa'), ('있는데', 'Adjective'), ('그게', 'Noun'), ('진짜', 'Noun'), ('별미', 'Noun'), ('에요', 'Josa'), ('사장', 'Noun'), ('님', 'Suffix'), ('번창', 'Noun'), ('하세요', 'Verb'), ('너무', 'Adverb'), ('맛있어요', 'Adjective'), ('아르바이트생', 'Noun'), ('들', 'Suffix'), ('도', 'Josa'), ('예쁘고', 'Adjective'), ('다', 'Adverb'), ('들', 'Verb'), ('친절해서', 'Adjective'), ('기분', 'Noun'), ('좋은', 'Adjective'), ('식사', 'Noun'), ('했습니다', 'Verb'), ('감사합니다', 'Verb')]"
필살기 돈가츠 가로수길점,강남구,맛있게 잘 먹었습니다 ㅎㅎ 상로 스카치는 함께 내어주신 소금에 찍어 먹으니 참 맛있어요 고기 육질도 부드럽고 간 도 잘 베어져 있는 게 풍미가 좋습니다 치즈 카츠는 맛있긴 한데 상로 스카프가 개인적으로 좀 더 맛있게 다가왔네요 ㅎㅎ 서비스로 주신 쿠키도 잘 먹었습니다 가로수길에 맛있고 가격 괜찮은 돈가스집 하나 알게 되어서 너무 좋아요,1.0,"['맛있게', '잘', '먹었습니다', '상로', '스카치', '내어주신', '소금', '찍어', '먹으니', '맛있어요', '고기', '육질', '부드럽고', '잘', '베어져', '있는', '미가', '좋습니다', '치즈', '카츠', '맛있긴', '상로', '스카프', '맛있게', '다가왔네요', '서비스', '주신', '쿠키', '잘', '먹었습니다', '가로수길', '맛있고', '가격', '괜찮은', '돈가스', '되어서', '좋아요']","[('맛있게', 'Adjective'), ('잘', 'Verb'), ('먹었습니다', 'Verb'), ('ㅎㅎ', 'KoreanParticle'), ('상로', 'Noun'), ('스카치', 'Noun'), ('는', 'Josa'), ('함께', 'Adverb'), ('내어주신', 'Verb'), ('소금', 'Noun'), ('에', 'Josa'), ('찍어', 'Verb'), ('먹으니', 'Verb'), ('참', 'Verb'), ('맛있어요', 'Adjective'), ('고기', 'Noun'), ('육질', 'Noun'), ('도', 'Josa'), ('부드럽고', 'Adjective'), ('간', 'Noun'), ('도', 'Noun'), ('잘', 'Verb'), ('베어져', 'Verb'), ('있는', 'Adjective'), ('게', 'Noun'), ('풍', 'Adverb'), ('미가', 'Noun'), ('좋습니다', 'Adjective'), ('치즈', 'Noun'), ('카츠', 'Noun'), ('는', 'Josa'), ('맛있긴', 'Adjective'), ('한데', 'Eomi'), ('상로', 'Noun'), ('스카프', 'Noun'), ('가', 'Josa'), ('개인', 'Noun'), ('적', 'Suffix'), ('으로', 'Josa'), ('좀', 'Noun'), ('더', 'Noun'), ('맛있게', 'Adjective'), ('다가왔네요', 'Verb'), ('ㅎㅎ', 'KoreanParticle'), ('서비스', 'Noun'), ('로', 'Josa'), ('주신', 'Noun'), ('쿠키', 'Noun'), ('도', 'Josa'), ('잘', 'Verb'), ('먹었습니다', 'Verb'), ('가로수길', 'Noun'), ('에', 'Josa'), ('맛있고', 'Adjective'), ('가격', 'Noun'), ('괜찮은', 'Adjective'), ('돈가스', 'Noun'), ('집', 'Noun'), ('하나', 'Noun'), ('알', 'Noun'), ('게', 'Josa'), ('되어서', 'Verb'), ('너무', 'Adverb'), ('좋아요', 'Adjective')]"
필살기 돈가츠 가로수길점,강남구,진짜 맛있어요 치즈 카츠 치킨 가츠동 가쓰오 가락국수 먹었는데 세 메뉴 다 맛있네요,1.0,"['맛있어요', '치즈', '카츠', '치킨', '가츠동', '쓰오', '가락국수', '먹었는데', '메뉴', '맛있네요']","[('진짜', 'Noun'), ('맛있어요', 'Adjective'), ('치즈', 'Noun'), ('카츠', 'Noun'), ('치킨', 'Noun'), ('가츠동', 'Noun'), ('가', 'Verb'), ('쓰오', 'Verb'), ('가락국수', 'Noun'), ('먹었는데', 'Verb'), ('세', 'Noun'), ('메뉴', 'Noun'), ('다', 'Adverb'), ('맛있네요', 'Adjective')]"
필살기 돈가츠 가로수길점,강남구,분위기도 좋고 맛있어요 다른 메뉴도 먹어보러 오고 싶음,1.0,"['분위기', '좋고', '맛있어요', '메뉴', '먹어', '보러', '오고', '싶음']","[('분위기', 'Noun'), ('도', 'Josa'), ('좋고', 'Adjective'), ('맛있어요', 'Adjective'), ('다른', 'Noun'), ('메뉴', 'Noun'), ('도', 'Josa'), ('먹어', 'Verb'), ('보러', 'Verb'), ('오고', 'Verb'), ('싶음', 'Verb')]"
필살기 돈가츠 가로수길점,강남구,정말 맛있고 좋네요 자주 와야겠어요,1.0,"['맛있고', '좋네요', '자주', '와야겠어요']","[('정말', 'Noun'), ('맛있고', 'Adjective'), ('좋네요', 'Adjective'), ('자주', 'Noun'), ('와야겠어요', 'Verb')]"
필살기 돈가츠 가로수길점,강남구,히레 가츠 정말 부드럽고 맛있었어요 직원분들도 친절하시고 매장도 깨끗하고 화장실도 깨끗하고 맛도 좋아서 매일 가고 싶네 입 ㅠㅠ,1.0,"['히레', '가츠', '부드럽고', '맛있었어요', '직원', '분들', '친절하시고', '매장', '깨끗하고', '화장실', '깨끗하고', '맛', '좋아서', '매일', '가고', '싶네']","[('히레', 'Noun'), ('가츠', 'Noun'), ('정말', 'Noun'), ('부드럽고', 'Adjective'), ('맛있었어요', 'Adjective'), ('직원', 'Noun'), ('분들', 'Suffix'), ('도', 'Josa'), ('친절하시고', 'Adjective'), ('매장', 'Noun'), ('도', 'Josa'), ('깨끗하고', 'Adjective'), ('화장실', 'Noun'), ('도', 'Josa'), ('깨끗하고', 'Adjective'), ('맛', 'Noun'), ('도', 'Josa'), ('좋아서', 'Adjective'), ('매일', 'Noun'), ('가고', 'Verb'), ('싶네', 'Verb'), ('입', 'Noun'), ('ㅠㅠ', 'KoreanParticle')]"
필살기 돈가츠 가로수길점,강남구,새우젓이랑 같이 먹는 맛이 특별했어요,0.0,"['새우젓', '먹는', '맛', '특별했어요']","[('새우젓', 'Noun'), ('이랑', 'Josa'), ('같이', 'Adverb'), ('먹는', 'Verb'), ('맛', 'Noun'), ('이', 'Josa'), ('특별했어요', 'Adjective')]"
필살기 돈가츠 가로수길점,강남구,돈가스 원 돈가스 매장인데 분위기 있어서 소개팅하기 좋아 보임,1.0,"['돈가스', '돈가스', '매장', '분위기', '있어서', '소개팅', '하기', '보임']","[('돈가스', 'Noun'), ('원', 'Noun'), ('돈가스', 'Noun'), ('매장', 'Noun'), ('인데', 'Josa'), ('분위기', 'Noun'), ('있어서', 'Adjective'), ('소개팅', 'Noun'), ('하기', 'Verb'), ('좋아', 'Adjective'), ('보임', 'Noun')]"
필살기 돈가츠 가로수길점,강남구,직원분들도 친절하고 무엇보다 음식이 너무 맛있어요ㅎㅎ 블록 치즈가 츠 올 때마다 항상 먹는데 정말 예술 가게도 청결해 보이고 최고예요 어느새 단골손님 댐ㅎ,1.0,"['직원', '분들', '친절하고', '음식', '맛있어요', '블록', '치즈', '항상', '먹는데', '예술', '가게', '청결해', '보이', '최고', '어느새', '단골', '손님']","[('직원', 'Noun'), ('분들', 'Suffix'), ('도', 'Josa'), ('친절하고', 'Adjective'), ('무엇', 'Noun'), ('보다', 'Josa'), ('음식', 'Noun'), ('이', 'Josa'), ('너무', 'Adverb'), ('맛있어요', 'Adjective'), ('ㅎㅎ', 'KoreanParticle'), ('블록', 'Noun'), ('치즈', 'Noun'), ('가', 'Josa'), ('츠', 'Noun'), ('올', 'Verb'), ('때', 'Noun'), ('마다', 'Josa'), ('항상', 'Noun'), ('먹는데', 'Verb'), ('정말', 'Noun'), ('예술', 'Noun'), ('가게', 'Noun'), ('도', 'Josa'), ('청결해', 'Adjective'), ('보이', 'Noun'), ('고', 'Josa'), ('최고', 'Noun'), ('예요', 'Josa'), ('어느새', 'Adjective'), ('단골', 'Noun'), ('손님', 'Noun'), ('댐', 'Noun'), ('ㅎ', 'KoreanParticle')]"
필살기 돈가츠 가로수길점,강남구,상로츠가츠 강추,1.0,"['상로츠가츠', '강추']","[('상로츠가츠', 'Noun'), ('강추', 'Noun')]"
필살기 돈가츠 가로수길점,강남구,우연히 들렸는데 오마이갓 너무 맛나요 손으로 고기를 치신다고 들었는데 그래서인지 살 꼬맹이가 먹기에도 부담 없어요 서비스로 주신 크로켓도 음 너무 맛나요 애도 잘 먹어서 파는 메뉴냐 여쭸더니 서비스라 팔지 않는다며 대 신 하나 더 주신 감사해요  근처 갈 일 있는 사람들에게 꼭 추천하고픈 곳 넘나 친절하고 서비스 과자도 귀염,1.0,"['우연히', '들렸는데', '오마이갓', '맛', '고기', '신다고', '들었는데', '래서', '인지', '꼬맹이', '먹기', '에도', '부담', '없어요', '서비스', '주신', '크로켓', '맛', '애도', '잘', '먹어서', '파는', '메뉴', '여쭸더니', '서비스', '팔지', '않는다며', '주신', '감사해요', '근처', '있는', '사람', '추천', '하고픈', '넘나', '친절하고', '서비스', '과자', '귀염']","[('우연히', 'Adverb'), ('들렸는데', 'Verb'), ('오마이갓', 'Noun'), ('너무', 'Adverb'), ('맛', 'Noun'), ('나', 'Josa'), ('요', 'Noun'), ('손', 'Noun'), ('으로', 'Josa'), ('고기', 'Noun'), ('를', 'Josa'), ('치', 'Noun'), ('신다고', 'Verb'), ('들었는데', 'Verb'), ('그', 'Determiner'), ('래서', 'Noun'), ('인지', 'Josa'), ('살', 'Noun'), ('꼬맹이', 'Noun'), ('가', 'Josa'), ('먹기', 'Noun'), ('에도', 'Josa'), ('부담', 'Noun'), ('없어요', 'Adjective'), ('서비스', 'Noun'), ('로', 'Josa'), ('주신', 'Noun'), ('크로켓', 'Noun'), ('도', 'Josa'), ('음', 'Noun'), ('너무', 'Adverb'), ('맛', 'Noun'), ('나', 'Josa'), ('요', 'Noun'), ('애도', 'Noun'), ('잘', 'Verb'), ('먹어서', 'Verb'), ('파는', 'Verb'), ('메뉴', 'Noun'), ('냐', 'Josa'), ('여쭸더니', 'Verb'), ('서비스', 'Noun'), ('라', 'Josa'), ('팔지', 'Noun'), ('않는다며', 'Verb'), ('대', 'Verb'), ('신', 'Noun'), ('하나', 'Noun'), ('더', 'Noun'), ('주신', 'Noun'), ('감사해요', 'Verb'), ('근처', 'Noun'), ('갈', 'Verb'), ('일', 'Noun'), ('있는', 'Adjective'), ('사람', 'Noun'), ('들', 'Suffix'), ('에게', 'Josa'), ('꼭', 'Noun'), ('추천', 'Noun'), ('하고픈', 'Verb'), ('곳', 'Noun'), ('넘나', 'Verb'), ('친절하고', 'Adjective'), ('서비스', 'Noun'), ('과자', 'Noun'), ('도', 'Josa'), ('귀염', 'Noun')]"
필살기 돈가츠 가로수길점,강남구,제가 이때 혼밥하러 갔는데 분위기도 좋고 음식도 너무 맛있어서 진짜 울뻔했어요 ㅠㅠ 그리고 너무 친절하시고 아르바이트생분이 너무 친절하셔서 또 오고 싶어요 그리고 사장님 잘생기샸어요 아 갑자기 치키 가츠 먹고 싶네요 다음 주에 또 가야겠어요  ,1.0,"['혼밥', '하러', '갔는데', '분위기', '좋고', '음식', '맛있어서', '뻔했어요', '친절하시고', '아르바이트생', '친절하셔서', '또', '오고', '싶어요', '사장', '잘생기', '갑자기', '치키', '가츠', '먹고', '싶네요', '또', '가야겠어요']","[('제', 'Noun'), ('가', 'Josa'), ('이', 'Determiner'), ('때', 'Noun'), ('혼밥', 'Noun'), ('하러', 'Verb'), ('갔는데', 'Verb'), ('분위기', 'Noun'), ('도', 'Josa'), ('좋고', 'Adjective'), ('음식', 'Noun'), ('도', 'Josa'), ('너무', 'Adverb'), ('맛있어서', 'Adjective'), ('진짜', 'Noun'), ('울', 'Noun'), ('뻔했어요', 'Adjective'), ('ㅠㅠ', 'KoreanParticle'), ('그리고', 'Conjunction'), ('너무', 'Adverb'), ('친절하시고', 'Adjective'), ('아르바이트생', 'Noun'), ('분', 'Suffix'), ('이', 'Josa'), ('너무', 'Adverb'), ('친절하셔서', 'Adjective'), ('또', 'Noun'), ('오고', 'Verb'), ('싶어요', 'Verb'), ('그리고', 'Conjunction'), ('사장', 'Noun'), ('님', 'Suffix'), ('잘생기', 'Adjective'), ('샸', 'Noun'), ('어', 'Suffix'), ('요', 'Josa'), ('아', 'Exclamation'), ('갑자기', 'Noun'), ('치키', 'Verb'), ('가츠', 'Noun'), ('먹고', 'Verb'), ('싶네요', 'Verb'), ('다음', 'Noun'), ('주', 'Noun'), ('에', 'Josa'), ('또', 'Noun'), ('가야겠어요', 'Verb')]"
필살기 돈가츠 가로수길점,강남구,상 로스카츠  가락국수 다 머시쩡,1.0,"['로스', '카츠', '가락국수', '머시']","[('상', 'Noun'), ('로스', 'Noun'), ('카츠', 'Noun'), ('가락국수', 'Noun'), ('다', 'Adverb'), ('머시', 'Noun'), ('쩡', 'Noun')]"
필살기 돈가츠 가로수길점,강남구,돈가스 겉나 석촉 맛있어요,1.0,"['돈가스', '맛있어요']","[('돈가스', 'Noun'), ('겉', 'Noun'), ('나', 'Josa'), ('석', 'Modifier'), ('촉', 'Noun'), ('맛있어요', 'Adjective')]"
필살기 돈가츠 가로수길점,강남구,별 기대 없이 들어갔던 곳인데 맛 집이었네요 제가 지금껏 먹어본 치즈 가츠 중 제일 담백했어요 로스 가츠도 퍽퍽함 일도 없이 훌륭했고 냉가락국수도 맛났어요 직원분도 친절하시고 다시 찾고 싶은 곳입니다,1.0,"['기대', '들어갔던', '맛', '집이었네요', '지금껏', '먹어', '치즈', '가츠', '담백했어요', '로스', '가츠', '퍽퍽함', '일도', '훌륭했고', '가락국수', '맛', '났어요', '직원', '친절하시고', '찾고', '싶은']","[('별', 'Noun'), ('기대', 'Noun'), ('없이', 'Adverb'), ('들어갔던', 'Verb'), ('곳', 'Noun'), ('인데', 'Josa'), ('맛', 'Noun'), ('집이었네요', 'Verb'), ('제', 'Noun'), ('가', 'Josa'), ('지금껏', 'Noun'), ('먹어', 'Verb'), ('본', 'Verb'), ('치즈', 'Noun'), ('가츠', 'Noun'), ('중', 'Noun'), ('제일', 'Noun'), ('담백했어요', 'Adjective'), ('로스', 'Noun'), ('가츠', 'Noun'), ('도', 'Josa'), ('퍽퍽함', 'Noun'), ('일도', 'Noun'), ('없이', 'Adverb'), ('훌륭했고', 'Adjective'), ('냉', 'Noun'), ('가락국수', 'Noun'), ('도', 'Josa'), ('맛', 'Noun'), ('났어요', 'Verb'), ('직원', 'Noun'), ('분', 'Suffix'), ('도', 'Josa'), ('친절하시고', 'Adjective'), ('다시', 'Noun'), ('찾고', 'Verb'), ('싶은', 'Verb'), ('곳', 'Noun'), ('입니다', 'Adjective')]"
필살기 돈가츠 가로수길점,강남구,네이버에 돈가스 집을 쳐보니 여기가 뜨길래 한 번 가봤습니다 치즈 가츠를 시켰는데 가격이 원 정도였던 것 같아요 내부 인테리어며 분위기는 정말 몽환적이고 예뻤습니다 메뉴가 나왔을 때 진짜 비주얼 갑이었습니다 맛도 물 론 향도 맛있었습니다 진짜 여기 오시면 치즈 가츠 꼭 드시는 거 추천해드릴게요 진짜 보장해요 치즈 가츠 레저,1.0,"['네이버', '돈가스', '보니', '뜨길래', '가봤습니다', '치즈', '가츠', '시켰는데', '가격', '였던', '같아요', '내부', '인테리어', '분위기', '몽환', '예뻤습니다', '메뉴', '나왔을', '비주', '갑이었습니다', '맛', '맛있었습니다', '오시', '치즈', '가츠', '드시는', '추천', '해드릴게요', '보장', '치즈', '가츠', '레저']","[('네이버', 'Noun'), ('에', 'Josa'), ('돈가스', 'Noun'), ('집', 'Noun'), ('을', 'Josa'), ('쳐', 'Verb'), ('보니', 'Verb'), ('여기', 'Noun'), ('가', 'Josa'), ('뜨길래', 'Verb'), ('한', 'Verb'), ('번', 'Noun'), ('가봤습니다', 'Verb'), ('치즈', 'Noun'), ('가츠', 'Noun'), ('를', 'Josa'), ('시켰는데', 'Verb'), ('가격', 'Noun'), ('이', 'Josa'), ('원', 'Noun'), ('정도', 'Noun'), ('였던', 'Verb'), ('것', 'Noun'), ('같아요', 'Adjective'), ('내부', 'Noun'), ('인테리어', 'Noun'), ('며', 'Josa'), ('분위기', 'Noun'), ('는', 'Josa'), ('정말', 'Noun'), ('몽환', 'Noun'), ('적', 'Suffix'), ('이고', 'Josa'), ('예뻤습니다', 'Adjective'), ('메뉴', 'Noun'), ('가', 'Josa'), ('나왔을', 'Verb'), ('때', 'Noun'), ('진짜', 'Noun'), ('비주', 'Noun'), ('얼', 'Noun'), ('갑이었습니다', 'Verb'), ('맛', 'Noun'), ('도', 'Josa'), ('물', 'Noun'), ('론', 'Noun'), ('향', 'Noun'), ('도', 'Josa'), ('맛있었습니다', 'Adjective'), ('진짜', 'Noun'), ('여기', 'Noun'), ('오시', 'Noun'), ('면', 'Josa'), ('치즈', 'Noun'), ('가츠', 'Noun'), ('꼭', 'Noun'), ('드시는', 'Verb'), ('거', 'Noun'), ('추천', 'Noun'), ('해드릴게요', 'Verb'), ('진짜', 'Noun'), ('보장', 'Noun'), ('해요', 'Verb'), ('치즈', 'Noun'), ('가츠', 'Noun'), ('레저', 'Noun')]"
필살기 돈가츠 가로수길점,강남구,너무 맛있어요 ㅠㅠ  치즈가 찐이에요 ㅠㅠ,1.0,"['맛있어요', '치즈', '찐이에요']","[('너무', 'Adverb'), ('맛있어요', 'Adjective'), ('ㅠㅠ', 'KoreanParticle'), ('치즈', 'Noun'), ('가', 'Josa'), ('찐이에요', 'Verb'), ('ㅠㅠ', 'KoreanParticle')]"
필살기 돈가츠 가로수길점,강남구,와 먹어본 돈가스 중에 제일 맛있음  이거 먹고 나니까 다른 돈가스 못 먹겠음  얼큰 가락국수 추가 강추,1.0,"['먹어', '돈가스', '맛있음', '먹고', '니까', '돈가스', '먹겠음', '가락국수', '추가', '강추']","[('와', 'Verb'), ('먹어', 'Verb'), ('본', 'Verb'), ('돈가스', 'Noun'), ('중', 'Noun'), ('에', 'Josa'), ('제일', 'Noun'), ('맛있음', 'Adjective'), ('이', 'Determiner'), ('거', 'Noun'), ('먹고', 'Verb'), ('나', 'Noun'), ('니까', 'Josa'), ('다른', 'Noun'), ('돈가스', 'Noun'), ('못', 'Noun'), ('먹겠음', 'Verb'), ('얼', 'Noun'), ('큰', 'Verb'), ('가락국수', 'Noun'), ('추가', 'Noun'), ('강추', 'Noun')]"
필살기 돈가츠 가로수길점,강남구,돈가스 진짜 맛있다,1.0,"['돈가스', '맛있다']","[('돈가스', 'Noun'), ('진짜', 'Noun'), ('맛있다', 'Adjective')]"
필살기 돈가츠 가로수길점,강남구,너무 맛있고 친절하셨습니다  다음에도 가로수길 오면 들릴게요,1.0,"['맛있고', '친절하셨습니다', '에도', '가로수길', '오면', '들릴게요']","[('너무', 'Adverb'), ('맛있고', 'Adjective'), ('친절하셨습니다', 'Adjective'), ('다음', 'Noun'), ('에도', 'Josa'), ('가로수길', 'Noun'), ('오면', 'Verb'), ('들릴게요', 'Verb')]"
필살기 돈가츠 가로수길점,강남구,고기는 부드럽고 맛있어요 강추,1.0,"['고기', '부드럽고', '맛있어요', '강추']","[('고기', 'Noun'), ('는', 'Josa'), ('부드럽고', 'Adjective'), ('맛있어요', 'Adjective'), ('강추', 'Noun')]"
필살기 돈가츠 가로수길점,강남구,맛있었어요 좋아요,1.0,"['맛있었어요', '좋아요']","[('맛있었어요', 'Adjective'), ('좋아요', 'Adjective')]"
필살기 돈가츠 가로수길점,강남구,맛있어요,1.0,['맛있어요'],"[('맛있어요', 'Adjective')]"
필살기 돈가츠 가로수길점,강남구,고기가 입에서 사르르 녹아요,1.0,"['고기', '사르르', '녹아요']","[('고기', 'Noun'), ('가', 'Josa'), ('입', 'Noun'), ('에서', 'Josa'), ('사르르', 'Noun'), ('녹아요', 'Verb')]"
필살기 돈가츠 가로수길점,강남구,특로스가츠맛있어요,1.0,"['로스', '맛있어요']","[('특', 'Noun'), ('로스', 'Noun'), ('가', 'Josa'), ('츠', 'Noun'), ('맛있어요', 'Adjective')]"
필살기 돈가츠 가로수길점,강남구,돈가스가 이렇게 맛있을 수 있나요 이런 맛있는음식이얐나요 감사합니다 ,1.0,"['돈가스', '맛있을', '있나요', '맛있는', '음식', '감사합니다']","[('돈가스', 'Noun'), ('가', 'Josa'), ('이렇게', 'Adverb'), ('맛있을', 'Adjective'), ('수', 'Noun'), ('있나요', 'Adjective'), ('이런', 'Adjective'), ('맛있는', 'Adjective'), ('음식', 'Noun'), ('이', 'Josa'), ('얐', 'Noun'), ('나', 'Josa'), ('요', 'Noun'), ('감사합니다', 'Verb')]"
필살기 돈가츠 가로수길점,강남구,진짜 맛있습니다 자주 올게요,1.0,"['맛있습니다', '자주', '올게요']","[('진짜', 'Noun'), ('맛있습니다', 'Adjective'), ('자주', 'Noun'), ('올게요', 'Verb')]"
필살기 돈가츠 가로수길점,강남구,여기 진짜 돈가스 미쳐써요ㅠㅡㅠ 정말 너무 맛있게 먹고 왔습니다 진짜 찐 맛집 인정 가로수길에 이렇게 맛있는 밥집이 있다니  사장님 너무 친절해오,1.0,"['돈가스', '미쳐', '써요', 'ㅠㅡㅠ', '맛있게', '먹고', '왔습니다', '맛집', '인정', '가로수길', '맛있는', '밥집', '있다니', '사장', '친절', '해오']","[('여기', 'Noun'), ('진짜', 'Noun'), ('돈가스', 'Noun'), ('미쳐', 'Adjective'), ('써요', 'Verb'), ('ㅠㅡㅠ', 'KoreanParticle'), ('정말', 'Noun'), ('너무', 'Adverb'), ('맛있게', 'Adjective'), ('먹고', 'Verb'), ('왔습니다', 'Verb'), ('진짜', 'Noun'), ('찐', 'Verb'), ('맛집', 'Noun'), ('인정', 'Noun'), ('가로수길', 'Noun'), ('에', 'Josa'), ('이렇게', 'Adverb'), ('맛있는', 'Adjective'), ('밥집', 'Noun'), ('이', 'Josa'), ('있다니', 'Adjective'), ('사장', 'Noun'), ('님', 'Suffix'), ('너무', 'Adverb'), ('친절', 'Noun'), ('해오', 'Verb')]"
필살기 돈가츠 가로수길점,강남구,버거 맛 집,1.0,"['버거', '맛']","[('버거', 'Noun'), ('맛', 'Noun'), ('집', 'Noun')]"
필살기 돈가츠 가로수길점,강남구,저번엔 육즙이 없었는데 오늘은 너무 맛있었어요 냉메밀이 진짜 맛있어요 인스타 위치 등록해주셨으면 좋겠어요,1.0,"['저번', '육즙', '없었는데', '맛있었어요', '메밀', '맛있어요', '인스타', '위치', '등록', '해주셨으면', '좋겠어요']","[('저번', 'Noun'), ('엔', 'Josa'), ('육즙', 'Noun'), ('이', 'Josa'), ('없었는데', 'Adjective'), ('오늘', 'Noun'), ('은', 'Josa'), ('너무', 'Adverb'), ('맛있었어요', 'Adjective'), ('냉', 'Noun'), ('메밀', 'Noun'), ('이', 'Josa'), ('진짜', 'Noun'), ('맛있어요', 'Adjective'), ('인스타', 'Noun'), ('위치', 'Noun'), ('등록', 'Noun'), ('해주셨으면', 'Verb'), ('좋겠어요', 'Adjective')]"
필살기 돈가츠 가로수길점,강남구,정말 맛있네요 미니 메밀 꼭 시켜서 드셔보시길 사장님도 친절하시고 좋아요,1.0,"['맛있네요', '미니', '메밀', '시켜서', '드셔', '보시길', '사장', '친절하시고', '좋아요']","[('정말', 'Noun'), ('맛있네요', 'Adjective'), ('미니', 'Noun'), ('메밀', 'Noun'), ('꼭', 'Noun'), ('시켜서', 'Verb'), ('드셔', 'Verb'), ('보시길', 'Verb'), ('사장', 'Noun'), ('님', 'Suffix'), ('도', 'Josa'), ('친절하시고', 'Adjective'), ('좋아요', 'Adjective')]"
필살기 돈가츠 가로수길점,강남구,굿,1.0,[],"[('굿', 'Noun')]"
필살기 돈가츠 가로수길점,강남구,먹어본 메뉴들이 다 엄청 부드럽고 촉촉했어요 치즈도 정말 많았고요 직원분들도 친절하셔서 기분 좋은 식사하고 올 수 있었습니다 ,1.0,"['먹어', '메뉴', '부드럽고', '촉촉했어요', '치즈', '많았고요', '직원', '분들', '친절하셔서', '기분', '좋은', '식사', '있었습니다']","[('먹어', 'Verb'), ('본', 'Verb'), ('메뉴', 'Noun'), ('들', 'Suffix'), ('이', 'Josa'), ('다', 'Adverb'), ('엄청', 'Adverb'), ('부드럽고', 'Adjective'), ('촉촉했어요', 'Adjective'), ('치즈', 'Noun'), ('도', 'Josa'), ('정말', 'Noun'), ('많았고요', 'Adjective'), ('직원', 'Noun'), ('분들', 'Suffix'), ('도', 'Josa'), ('친절하셔서', 'Adjective'), ('기분', 'Noun'), ('좋은', 'Adjective'), ('식사', 'Noun'), ('하고', 'Josa'), ('올', 'Verb'), ('수', 'Noun'), ('있었습니다', 'Adjective')]"
필살기 돈가츠 가로수길점,강남구,진짜 맛있어요,1.0,['맛있어요'],"[('진짜', 'Noun'), ('맛있어요', 'Adjective')]"
필살기 돈가츠 가로수길점,강남구,블록 치즈 카츠 존맛탱탱탱이였어요ㅠㅠ 상로 스도 진짜 맛있었어요,1.0,"['블록', '치즈', '카츠', '존맛', '탱탱이', '였어요', '상로', '맛있었어요']","[('블록', 'Noun'), ('치즈', 'Noun'), ('카츠', 'Noun'), ('존맛', 'Noun'), ('탱', 'Adverb'), ('탱탱이', 'Noun'), ('였어요', 'Verb'), ('ㅠㅠ', 'KoreanParticle'), ('상로', 'Noun'), ('스', 'Noun'), ('도', 'Josa'), ('진짜', 'Noun'), ('맛있었어요', 'Adjective')]"
필살기 돈가츠 가로수길점,강남구,너무 맛있어요 로스 가츠 치즈 가츠 둘 다 특히 치즈 역대급으로 맛있었어요 데이트 맛 집으로 강추,1.0,"['맛있어요', '로스', '가츠', '치즈', '가츠', '치즈', '역대', '맛있었어요', '데이트', '맛', '강추']","[('너무', 'Adverb'), ('맛있어요', 'Adjective'), ('로스', 'Noun'), ('가츠', 'Noun'), ('치즈', 'Noun'), ('가츠', 'Noun'), ('둘', 'Noun'), ('다', 'Adverb'), ('특히', 'Adverb'), ('치즈', 'Noun'), ('역대', 'Noun'), ('급', 'Suffix'), ('으로', 'Josa'), ('맛있었어요', 'Adjective'), ('데이트', 'Noun'), ('맛', 'Noun'), ('집', 'Noun'), ('으로', 'Josa'), ('강추', 'Noun')]"
필살기 돈가츠 가로수길점,강남구,친절하시고 맛있어요,1.0,"['친절하시고', '맛있어요']","[('친절하시고', 'Adjective'), ('맛있어요', 'Adjective')]"
필살기 돈가츠 가로수길점,강남구,맛있었어요 나가사키 짬뽕은 양이 어마어마하네요 얼큰을 주문했지만 얼큰이 아닌 거 같은 순한 맛이었어요,1.0,"['맛있었어요', '나가사키', '짬뽕', '어마어마하네요', '큰을', '주문', '했지만', '큰이', '아닌', '같은', '순한', '맛', '이었어요']","[('맛있었어요', 'Adjective'), ('나가사키', 'Noun'), ('짬뽕', 'Noun'), ('은', 'Josa'), ('양', 'Noun'), ('이', 'Josa'), ('어마어마하네요', 'Adjective'), ('얼', 'Noun'), ('큰을', 'Verb'), ('주문', 'Noun'), ('했지만', 'Verb'), ('얼', 'Noun'), ('큰이', 'Verb'), ('아닌', 'Adjective'), ('거', 'Noun'), ('같은', 'Adjective'), ('순한', 'Adjective'), ('맛', 'Noun'), ('이었어요', 'Verb')]"
필살기 돈가츠 가로수길점,강남구,좋아요,1.0,['좋아요'],"[('좋아요', 'Adjective')]"
필살기 돈가츠 가로수길점,강남구,ㅈㅇㅇ,1.0,['ㅈㅇㅇ'],"[('ㅈㅇㅇ', 'KoreanParticle')]"
필살기 돈가츠 가로수길점,강남구,구성도 너무 좋고 맛있었어요 ㅎㅎ 특히 치즈 너무 맛있어요 육즙이 없는 게 너무 아쉬웠어요 ㅠㅠ같이 간 지인이 육즙만 딱 있으면 웨이팅 해서 먹을 정도로 맛 집이라 그러더라고요 너무 맛있게 잘 먹었습니다,1.0,"['구성', '좋고', '맛있었어요', '치즈', '맛있어요', '육즙', '없는', '아쉬웠어요', '지인', '육즙', '있으면', '웨이', '먹을', '맛', '그러더라고요', '맛있게', '잘', '먹었습니다']","[('구성', 'Noun'), ('도', 'Josa'), ('너무', 'Adverb'), ('좋고', 'Adjective'), ('맛있었어요', 'Adjective'), ('ㅎㅎ', 'KoreanParticle'), ('특히', 'Adverb'), ('치즈', 'Noun'), ('너무', 'Adverb'), ('맛있어요', 'Adjective'), ('육즙', 'Noun'), ('이', 'Josa'), ('없는', 'Adjective'), ('게', 'Noun'), ('너무', 'Adverb'), ('아쉬웠어요', 'Adjective'), ('ㅠㅠ', 'KoreanParticle'), ('같이', 'Adverb'), ('간', 'Noun'), ('지인', 'Noun'), ('이', 'Josa'), ('육즙', 'Noun'), ('만', 'Josa'), ('딱', 'Adverb'), ('있으면', 'Adjective'), ('웨이', 'Noun'), ('팅', 'Noun'), ('해서', 'Verb'), ('먹을', 'Verb'), ('정도', 'Noun'), ('로', 'Josa'), ('맛', 'Noun'), ('집', 'Noun'), ('이라', 'Josa'), ('그러더라고요', 'Adjective'), ('너무', 'Adverb'), ('맛있게', 'Adjective'), ('잘', 'Verb'), ('먹었습니다', 'Verb')]"
필살기 돈가츠 가로수길점,강남구,친절하시고 음식 맛있어요,1.0,"['친절하시고', '음식', '맛있어요']","[('친절하시고', 'Adjective'), ('음식', 'Noun'), ('맛있어요', 'Adjective')]"
필살기 돈가츠 가로수길점,강남구,너무 맛있어요 돈가스 좋아해서 이곳저곳 많이 먹어봤는데 여기가 제일 맛있는 거 같아요 냉소바도 정말 맛있네요ㅠㅜ 치즈 가츠에서 치즈가 엄청 부드러웠ㅇㅓ요ㅜㅜ 다음에 또 먹고 싶은 맛이네요,1.0,"['맛있어요', '돈가스', '좋아해서', '먹어', '봤는데', '맛있는', '같아요', '소바', '맛있네요', '치즈', '가츠', '치즈', '부드러웠', 'ㅇㅓ', '또', '먹고', '싶은', '맛']","[('너무', 'Adverb'), ('맛있어요', 'Adjective'), ('돈가스', 'Noun'), ('좋아해서', 'Adjective'), ('이', 'Determiner'), ('곳', 'Noun'), ('저', 'Determiner'), ('곳', 'Noun'), ('많이', 'Adverb'), ('먹어', 'Verb'), ('봤는데', 'Verb'), ('여기', 'Noun'), ('가', 'Josa'), ('제일', 'Noun'), ('맛있는', 'Adjective'), ('거', 'Noun'), ('같아요', 'Adjective'), ('냉', 'Noun'), ('소바', 'Noun'), ('도', 'Josa'), ('정말', 'Noun'), ('맛있네요', 'Adjective'), ('ㅠㅜ', 'KoreanParticle'), ('치즈', 'Noun'), ('가츠', 'Noun'), ('에서', 'Josa'), ('치즈', 'Noun'), ('가', 'Josa'), ('엄청', 'Adverb'), ('부드러웠', 'Adjective'), ('ㅇㅓ', 'KoreanParticle'), ('요', 'Noun'), ('ㅜㅜ', 'KoreanParticle'), ('다음', 'Noun'), ('에', 'Josa'), ('또', 'Noun'), ('먹고', 'Verb'), ('싶은', 'Verb'), ('맛', 'Noun'), ('이네', 'Josa'), ('요', 'Noun')]"
필살기 돈가츠 가로수길점,강남구,너무 맛있어요ㅎㅎㅎ 서비스도 좋고ㅎㅎ 너무 부드럽고 풍미 가득ㅋㅋㅋ 또 오고 싶은 가게입니다ᄏᄏ,1.0,"['맛있어요', '서비스', '좋고', '부드럽고', '가득', '또', '오고', '싶은', '가게', 'ᄏᄏ']","[('너무', 'Adverb'), ('맛있어요', 'Adjective'), ('ㅎㅎㅎ', 'KoreanParticle'), ('서비스', 'Noun'), ('도', 'Josa'), ('좋고', 'Adjective'), ('ㅎㅎ', 'KoreanParticle'), ('너무', 'Adverb'), ('부드럽고', 'Adjective'), ('풍', 'Adverb'), ('미', 'Adjective'), ('가득', 'Noun'), ('ㅋㅋㅋ', 'KoreanParticle'), ('또', 'Noun'), ('오고', 'Verb'), ('싶은', 'Verb'), ('가게', 'Noun'), ('입니다', 'Adjective'), ('ᄏᄏ', 'Foreign')]"
필살기 돈가츠 가로수길점,강남구,돈가스를 참 좋아하는데 기분 좋게 맛있게 먹고 갑니다 개인적으로 치즈 큐브 돈가스 추천드립니다 직원분도 친절하시고 사장님도 친절하시고 다음에 또 올게요,1.0,"['돈가스', '좋아하는데', '기분', '좋게', '맛있게', '먹고', '갑니다', '치즈', '큐브', '돈가스', '추천', '드립니다', '직원', '친절하시고', '사장', '친절하시고', '또', '올게요']","[('돈가스', 'Noun'), ('를', 'Josa'), ('참', 'Verb'), ('좋아하는데', 'Adjective'), ('기분', 'Noun'), ('좋게', 'Adjective'), ('맛있게', 'Adjective'), ('먹고', 'Verb'), ('갑니다', 'Verb'), ('개인', 'Noun'), ('적', 'Suffix'), ('으로', 'Josa'), ('치즈', 'Noun'), ('큐브', 'Noun'), ('돈가스', 'Noun'), ('추천', 'Noun'), ('드립니다', 'Verb'), ('직원', 'Noun'), ('분', 'Suffix'), ('도', 'Josa'), ('친절하시고', 'Adjective'), ('사장', 'Noun'), ('님', 'Suffix'), ('도', 'Josa'), ('친절하시고', 'Adjective'), ('다음', 'Noun'), ('에', 'Josa'), ('또', 'Noun'), ('올게요', 'Verb')]"
필살기 돈가츠 가로수길점,강남구,리뷰처럼 음식도 매장도 깔끔해 좋았습니다 카트류가 담백하고 곁들이는 양념이 다양하게 나와 맛있게 먹었습니다 다음엔 다른 종류의 음식들도 먹어보고 싶어요,1.0,"['리뷰', '음식', '매장', '깔끔해', '좋았습니다', '카트', '담백하고', '곁들이는', '양념', '다양하게', '나와', '맛있게', '먹었습니다', '종류', '음식', '먹어', '싶어요']","[('리뷰', 'Noun'), ('처럼', 'Josa'), ('음식', 'Noun'), ('도', 'Josa'), ('매장', 'Noun'), ('도', 'Josa'), ('깔끔해', 'Adjective'), ('좋았습니다', 'Adjective'), ('카트', 'Noun'), ('류', 'Noun'), ('가', 'Josa'), ('담백하고', 'Adjective'), ('곁들이는', 'Verb'), ('양념', 'Noun'), ('이', 'Josa'), ('다양하게', 'Adjective'), ('나와', 'Verb'), ('맛있게', 'Adjective'), ('먹었습니다', 'Verb'), ('다음', 'Noun'), ('엔', 'Josa'), ('다른', 'Noun'), ('종류', 'Noun'), ('의', 'Josa'), ('음식', 'Noun'), ('들', 'Suffix'), ('도', 'Josa'), ('먹어', 'Verb'), ('보고', 'Noun'), ('싶어요', 'Verb')]"
필살기 돈가츠 가로수길점,강남구,너무 맛있었어요 치즈 블록 추천이여,1.0,"['맛있었어요', '치즈', '블록', '추천', '이여']","[('너무', 'Adverb'), ('맛있었어요', 'Adjective'), ('치즈', 'Noun'), ('블록', 'Noun'), ('추천', 'Noun'), ('이여', 'Josa')]"
필살기 돈가츠 가로수길점,강남구,맛있는 돈가스집,1.0,"['맛있는', '돈가스']","[('맛있는', 'Adjective'), ('돈가스', 'Noun'), ('집', 'Noun')]"
필살기 돈가츠 가로수길점,강남구,사장님도 친절하시고 맛있어요,1.0,"['사장', '친절하시고', '맛있어요']","[('사장', 'Noun'), ('님', 'Suffix'), ('도', 'Josa'), ('친절하시고', 'Adjective'), ('맛있어요', 'Adjective')]"
필살기 돈가츠 가로수길점,강남구,사장님이 정말 친절하고 솔직히 기대 안 하고 갔는데 너무 맛있었어요 서비스 감사합니다 다음에 또 갈게요,1.0,"['사장', '친절하고', '솔직히', '기대', '갔는데', '맛있었어요', '서비스', '감사합니다', '또', '갈게요']","[('사장', 'Noun'), ('님', 'Suffix'), ('이', 'Josa'), ('정말', 'Noun'), ('친절하고', 'Adjective'), ('솔직히', 'Adjective'), ('기대', 'Noun'), ('안', 'Noun'), ('하고', 'Verb'), ('갔는데', 'Verb'), ('너무', 'Adverb'), ('맛있었어요', 'Adjective'), ('서비스', 'Noun'), ('감사합니다', 'Verb'), ('다음', 'Noun'), ('에', 'Josa'), ('또', 'Noun'), ('갈게요', 'Verb')]"
필살기 돈가츠 가로수길점,강남구,돈가스 진짜 맛있는 집 냉소바도 맛있다,1.0,"['돈가스', '맛있는', '소바', '맛있다']","[('돈가스', 'Noun'), ('진짜', 'Noun'), ('맛있는', 'Adjective'), ('집', 'Noun'), ('냉', 'Noun'), ('소바', 'Noun'), ('도', 'Josa'), ('맛있다', 'Adjective')]"
필살기 돈가츠 가로수길점,강남구,맛있고 서비스도 좋고 친절해요 음식이 나오자마자 너무 먹음직스러워 사진을 못 찍었네요ㅜㅜ재료도 좋은 듯 요,1.0,"['맛있고', '서비스', '좋고', '친절해요', '음식', '나오자마자', '먹음', '스러워', '사진', '찍었네요', '재료', '좋은']","[('맛있고', 'Adjective'), ('서비스', 'Noun'), ('도', 'Josa'), ('좋고', 'Adjective'), ('친절해요', 'Adjective'), ('음식', 'Noun'), ('이', 'Josa'), ('나오자마자', 'Verb'), ('너무', 'Adverb'), ('먹음', 'Noun'), ('직', 'Noun'), ('스러워', 'Adjective'), ('사진', 'Noun'), ('을', 'Josa'), ('못', 'Noun'), ('찍었네요', 'Verb'), ('ㅜㅜ', 'KoreanParticle'), ('재료', 'Noun'), ('도', 'Josa'), ('좋은', 'Adjective'), ('듯', 'Noun'), ('요', 'Noun')]"
필살기 돈가츠 가로수길점,강남구,너무너무 맛있었어요 재방문의 사,1.0,"['맛있었어요', '방문']","[('너무', 'Adverb'), ('너무', 'Adverb'), ('맛있었어요', 'Adjective'), ('재', 'Noun'), ('방문', 'Noun'), ('의', 'Josa'), ('사', 'Noun')]"
필살기 돈가츠 가로수길점,강남구,너무 맛있게 먹었습니다 배불러서 두 조각 정도 남긴 것 같은데 또 먹으러 가겠습니다,1.0,"['맛있게', '먹었습니다', '배불러서', '조각', '남긴', '같은데', '또', '먹으러', '가겠습니다']","[('너무', 'Adverb'), ('맛있게', 'Adjective'), ('먹었습니다', 'Verb'), ('배불러서', 'Adjective'), ('두', 'Noun'), ('조각', 'Noun'), ('정도', 'Noun'), ('남긴', 'Verb'), ('것', 'Noun'), ('같은데', 'Adjective'), ('또', 'Noun'), ('먹으러', 'Verb'), ('가겠습니다', 'Verb')]"
필살기 돈가츠 가로수길점,강남구,와 진짜 맛있게 먹었어요 진짜 딴 곳 돈가스는 물려서 몇 입 먹고 남기는데 여기는 접시까지 핥아 먹었네요 정말 오랜만에 맛 집을 찾은 거 같아 너무 뿌듯하네요ㅎㅎ 가게 인테리어도 깔끔하고 직원분들도 너무 친절하시고 재방문의 사 입니다ㅎㅎㅎ,1.0,"['맛있게', '먹었어요', '돈가스', '물려서', '먹고', '남기는데', '여기는', '접시', '핥아', '먹었네요', '오랜', '맛', '찾은', '같아', '뿌듯하네요', '가게', '인테리어', '깔끔하고', '직원', '분들', '친절하시고', '방문']","[('와', 'Verb'), ('진짜', 'Noun'), ('맛있게', 'Adjective'), ('먹었어요', 'Verb'), ('진짜', 'Noun'), ('딴', 'Verb'), ('곳', 'Noun'), ('돈가스', 'Noun'), ('는', 'Josa'), ('물려서', 'Verb'), ('몇', 'Noun'), ('입', 'Noun'), ('먹고', 'Verb'), ('남기는데', 'Verb'), ('여기는', 'Verb'), ('접시', 'Noun'), ('까지', 'Josa'), ('핥아', 'Verb'), ('먹었네요', 'Verb'), ('정말', 'Noun'), ('오랜', 'Modifier'), ('만', 'Noun'), ('에', 'Josa'), ('맛', 'Noun'), ('집', 'Noun'), ('을', 'Josa'), ('찾은', 'Verb'), ('거', 'Noun'), ('같아', 'Adjective'), ('너무', 'Adverb'), ('뿌듯하네요', 'Adjective'), ('ㅎㅎ', 'KoreanParticle'), ('가게', 'Noun'), ('인테리어', 'Noun'), ('도', 'Josa'), ('깔끔하고', 'Adjective'), ('직원', 'Noun'), ('분들', 'Suffix'), ('도', 'Josa'), ('너무', 'Adverb'), ('친절하시고', 'Adjective'), ('재', 'Noun'), ('방문', 'Noun'), ('의', 'Josa'), ('사', 'Noun'), ('입니다', 'Adjective'), ('ㅎㅎㅎ', 'KoreanParticle')]"
필살기 돈가츠 가로수길점,강남구,나가사키 짬뽕이랑 히레 로스가스 먹었는데 너무너무 맛있어서 말도 안 하고 흡입만 했어요 ㅋㅋㅋ 그리고 너무 친절하시고 가게 분위기도 조나 써요 담에 또 갈 거예요,1.0,"['나가사키', '짬뽕', '히레', '로스', '가스', '먹었는데', '맛있어서', '흡입', '친절하시고', '가게', '분위기', '써요', '또']","[('나가사키', 'Noun'), ('짬뽕', 'Noun'), ('이랑', 'Josa'), ('히레', 'Noun'), ('로스', 'Noun'), ('가스', 'Noun'), ('먹었는데', 'Verb'), ('너무', 'Adverb'), ('너무', 'Adverb'), ('맛있어서', 'Adjective'), ('말', 'Noun'), ('도', 'Josa'), ('안', 'Noun'), ('하고', 'Verb'), ('흡입', 'Noun'), ('만', 'Josa'), ('했어요', 'Verb'), ('ㅋㅋㅋ', 'KoreanParticle'), ('그리고', 'Conjunction'), ('너무', 'Adverb'), ('친절하시고', 'Adjective'), ('가게', 'Noun'), ('분위기', 'Noun'), ('도', 'Josa'), ('조', 'Noun'), ('나', 'Josa'), ('써요', 'Verb'), ('담', 'Noun'), ('에', 'Josa'), ('또', 'Noun'), ('갈', 'Verb'), ('거', 'Noun'), ('예요', 'Josa')]"
필살기 돈가츠 가로수길점,강남구,친구랑 첫 방문했는데 분위기 너무 좋아요 남자친구 데리고 오면 좋을 거 같아요 가게가 크지 않아서 사람이 많지 않아서 좋았어요 맛도 최고,1.0,"['친구', '방문', '했는데', '분위기', '좋아요', '남자친구', '데리', '오면', '좋을', '같아요', '가게', '크지', '않아서', '사람', '많지', '않아서', '좋았어요', '맛', '최고']","[('친구', 'Noun'), ('랑', 'Josa'), ('첫', 'Noun'), ('방문', 'Noun'), ('했는데', 'Verb'), ('분위기', 'Noun'), ('너무', 'Adverb'), ('좋아요', 'Adjective'), ('남자친구', 'Noun'), ('데리', 'Noun'), ('고', 'Josa'), ('오면', 'Verb'), ('좋을', 'Adjective'), ('거', 'Noun'), ('같아요', 'Adjective'), ('가게', 'Noun'), ('가', 'Josa'), ('크지', 'Verb'), ('않아서', 'Verb'), ('사람', 'Noun'), ('이', 'Josa'), ('많지', 'Adjective'), ('않아서', 'Verb'), ('좋았어요', 'Adjective'), ('맛', 'Noun'), ('도', 'Josa'), ('최고', 'Noun')]"
필살기 돈가츠 가로수길점,강남구,돈가스 정말 너무 맛있어요 이 정도 가격에 이런 돈가스라니  브레이크 타임 없어서 편하게 잘 먹고 나왔습니다 에이드도 잘 마셨어요,1.0,"['돈가스', '맛있어요', '가격', '돈가스', '브레이크', '타임', '없어서', '편하게', '잘', '먹고', '나왔습니다', '잘', '마셨어요']","[('돈가스', 'Noun'), ('정말', 'Noun'), ('너무', 'Adverb'), ('맛있어요', 'Adjective'), ('이', 'Noun'), ('정도', 'Noun'), ('가격', 'Noun'), ('에', 'Josa'), ('이런', 'Adjective'), ('돈가스', 'Noun'), ('라니', 'Josa'), ('브레이크', 'Noun'), ('타임', 'Noun'), ('없어서', 'Adjective'), ('편하게', 'Adjective'), ('잘', 'Verb'), ('먹고', 'Verb'), ('나왔습니다', 'Verb'), ('에', 'Josa'), ('이드', 'Noun'), ('도', 'Josa'), ('잘', 'Verb'), ('마셨어요', 'Verb')]"
필살기 돈가츠 가로수길점,강남구,정말 너무너무 맛있어요 깜짝 놀랐습니다 여기가 진짜 제대로 된 돈가스 맛 집이라고 말하고 싶네요,1.0,"['맛있어요', '깜짝', '놀랐습니다', '돈가스', '맛', '싶네요']","[('정말', 'Noun'), ('너무', 'Adverb'), ('너무', 'Adverb'), ('맛있어요', 'Adjective'), ('깜짝', 'Noun'), ('놀랐습니다', 'Verb'), ('여기', 'Noun'), ('가', 'Josa'), ('진짜', 'Noun'), ('제대로', 'Noun'), ('된', 'Verb'), ('돈가스', 'Noun'), ('맛', 'Noun'), ('집', 'Noun'), ('이라고', 'Josa'), ('말', 'Noun'), ('하고', 'Josa'), ('싶네요', 'Verb')]"
필살기 돈가츠 가로수길점,강남구,힝 마싯ㅉㅓ,1.0,"['마싯', 'ㅉㅓ']","[('힝', 'Noun'), ('마싯', 'Verb'), ('ㅉㅓ', 'KoreanParticle')]"
필살기 돈가츠 가로수길점,강남구,너무너무 맛있고 친절하세요 오래오래 번창하시고 자주 방문할 거 같아요,1.0,"['맛있고', '친절하세요', '오래오래', '번창', '하시고', '자주', '방문', '같아요']","[('너무', 'Adverb'), ('너무', 'Adverb'), ('맛있고', 'Adjective'), ('친절하세요', 'Adjective'), ('오래오래', 'Noun'), ('번창', 'Noun'), ('하시고', 'Verb'), ('자주', 'Noun'), ('방문', 'Noun'), ('할', 'Verb'), ('거', 'Noun'), ('같아요', 'Adjective')]"
필살기 돈가츠 가로수길점,강남구,맛있게 잘 먹었습니다 ,1.0,"['맛있게', '잘', '먹었습니다']","[('맛있게', 'Adjective'), ('잘', 'Verb'), ('먹었습니다', 'Verb')]"
필살기 돈가츠 가로수길점,강남구,분위기 좋은 맛집 인 거 같에요 친구랑 둘이 와서 얘기하면서 먹었는데 맛있어요 직원분들 되게 착하신 거 같아요,1.0,"['분위기', '좋은', '맛집', '같에요', '친구', '와서', '얘기', '먹었는데', '맛있어요', '직원', '분들', '되게', '착하신', '같아요']","[('분위기', 'Noun'), ('좋은', 'Adjective'), ('맛집', 'Noun'), ('인', 'Noun'), ('거', 'Noun'), ('같에요', 'Adjective'), ('친구', 'Noun'), ('랑', 'Josa'), ('둘', 'Noun'), ('이', 'Josa'), ('와서', 'Verb'), ('얘기', 'Noun'), ('하면서', 'Verb'), ('먹었는데', 'Verb'), ('맛있어요', 'Adjective'), ('직원', 'Noun'), ('분들', 'Suffix'), ('되게', 'Adverb'), ('착하신', 'Adjective'), ('거', 'Noun'), ('같아요', 'Adjective')]"
필살기 돈가츠 가로수길점,강남구,소고기랑 돼지고기 섞은 거 첨 먹어보는데 맛있네요 약간 떡갈비 같고 담에 히레도 먹어볼래요,1.0,"['소고기', '돼지고기', '섞은', '먹어', '보는데', '맛있네요', '떡갈비', '같고', '히레', '먹어', '볼래요']","[('소고기', 'Noun'), ('랑', 'Josa'), ('돼지고기', 'Noun'), ('섞은', 'Verb'), ('거', 'Noun'), ('첨', 'Adverb'), ('먹어', 'Verb'), ('보는데', 'Verb'), ('맛있네요', 'Adjective'), ('약간', 'Noun'), ('떡갈비', 'Noun'), ('같고', 'Adjective'), ('담', 'Noun'), ('에', 'Josa'), ('히레', 'Noun'), ('도', 'Josa'), ('먹어', 'Verb'), ('볼래요', 'Verb')]"
필살기 돈가츠 가로수길점,강남구,분위기도 너무 좋고요 돈가스도 정말 역대급으로 맛있습니다 ㅎㅎ 또 생각날 거 같아요 여자친구랑 가서 맛있게 먹었습니다,1.0,"['분위기', '좋고요', '돈가스', '역대', '맛있습니다', '또', '생각날', '같아요', '여자친구', '가서', '맛있게', '먹었습니다']","[('분위기', 'Noun'), ('도', 'Josa'), ('너무', 'Adverb'), ('좋고요', 'Adjective'), ('돈가스', 'Noun'), ('도', 'Josa'), ('정말', 'Noun'), ('역대', 'Noun'), ('급', 'Suffix'), ('으로', 'Josa'), ('맛있습니다', 'Adjective'), ('ㅎㅎ', 'KoreanParticle'), ('또', 'Noun'), ('생각날', 'Verb'), ('거', 'Noun'), ('같아요', 'Adjective'), ('여자친구', 'Noun'), ('랑', 'Josa'), ('가서', 'Verb'), ('맛있게', 'Adjective'), ('먹었습니다', 'Verb')]"
필살기 돈가츠 가로수길점,강남구,정말 맛있는 곳,1.0,['맛있는'],"[('정말', 'Noun'), ('맛있는', 'Adjective'), ('곳', 'Noun')]"
필살기 돈가츠 가로수길점,강남구,돈가스 맛있다,1.0,"['돈가스', '맛있다']","[('돈가스', 'Noun'), ('맛있다', 'Adjective')]"
필살기 돈가츠 가로수길점,강남구,맛있는 점심이 되었습니다,1.0,"['맛있는', '점심', '되었습니다']","[('맛있는', 'Adjective'), ('점심', 'Noun'), ('이', 'Josa'), ('되었습니다', 'Verb')]"
필살기 돈가츠 가로수길점,강남구,맛있다고 소문나서 먹으러 왔어요,1.0,"['맛있다고', '소문나서', '먹으러', '왔어요']","[('맛있다고', 'Adjective'), ('소문나서', 'Verb'), ('먹으러', 'Verb'), ('왔어요', 'Verb')]"
필살기 돈가츠 가로수길점,강남구,또 갈 거예요,1.0,['또'],"[('또', 'Noun'), ('갈', 'Verb'), ('거', 'Noun'), ('예요', 'Josa')]"
필살기 돈가츠 가로수길점,강남구,국물이 담백하고 진하네요 아주 좋아요 수원 사는데 달에 한 번씩은 꼭 먹고 싶어요 또 오겠습니다 사장님이 임,1.0,"['국물', '담백하고', '진하네요', '아주', '좋아요', '수원', '사는데', '먹고', '싶어요', '또', '오겠습니다', '사장']","[('국물', 'Noun'), ('이', 'Josa'), ('담백하고', 'Adjective'), ('진하네요', 'Adjective'), ('아주', 'Noun'), ('좋아요', 'Adjective'), ('수원', 'Noun'), ('사는데', 'Verb'), ('달', 'Noun'), ('에', 'Josa'), ('한', 'Verb'), ('번', 'Noun'), ('씩', 'Suffix'), ('은', 'Josa'), ('꼭', 'Noun'), ('먹고', 'Verb'), ('싶어요', 'Verb'), ('또', 'Noun'), ('오겠습니다', 'Verb'), ('사장', 'Noun'), ('님', 'Suffix'), ('이', 'Josa'), ('임', 'Noun')]"
필살기 돈가츠 가로수길점,강남구,친절해요 에이드 서비스까지,1.0,"['친절해요', '서비스']","[('친절해요', 'Adjective'), ('에', 'Josa'), ('이드', 'Noun'), ('서비스', 'Noun'), ('까지', 'Josa')]"
필살기 돈가츠 가로수길점,강남구,맛집 단골집,1.0,"['맛집', '단골']","[('맛집', 'Noun'), ('단골', 'Noun'), ('집', 'Noun')]"
필살기 돈가츠 가로수길점,강남구,처음 방문해봤는데 맛도 맛이고 서비스도 너무 좋습니다 강추 드립니다 ,1.0,"['처음', '방문', '해봤는데', '맛', '맛', '서비스', '좋습니다', '강추', '드립니다']","[('처음', 'Noun'), ('방문', 'Noun'), ('해봤는데', 'Verb'), ('맛', 'Noun'), ('도', 'Josa'), ('맛', 'Noun'), ('이고', 'Josa'), ('서비스', 'Noun'), ('도', 'Josa'), ('너무', 'Adverb'), ('좋습니다', 'Adjective'), ('강추', 'Noun'), ('드립니다', 'Verb')]"
필살기 돈가츠 가로수길점,강남구,음식이 정갈하게 나오고 돈가스 맛있어요,1.0,"['음식', '정갈하게', '나오고', '돈가스', '맛있어요']","[('음식', 'Noun'), ('이', 'Josa'), ('정갈하게', 'Adjective'), ('나오고', 'Verb'), ('돈가스', 'Noun'), ('맛있어요', 'Adjective')]"
필살기 돈가츠 가로수길점,강남구,나만 알고 싶은 맛 집이에요 진짜 존맛탱 ㅜㅜ,1.0,"['싶은', '맛', '존맛']","[('나', 'Noun'), ('만', 'Josa'), ('알', 'Noun'), ('고', 'Josa'), ('싶은', 'Verb'), ('맛', 'Noun'), ('집', 'Noun'), ('이에요', 'Josa'), ('진짜', 'Noun'), ('존맛', 'Noun'), ('탱', 'Adverb'), ('ㅜㅜ', 'KoreanParticle')]"
필살기 돈가츠 가로수길점,강남구,인테리어부터 서비스까지 완벽 또 가고 싶은 음식점 이네요 ㅠㅠ,1.0,"['인테리어', '서비스', '완벽', '또', '가고', '싶은', '음식점', '이네요']","[('인테리어', 'Noun'), ('부터', 'Josa'), ('서비스', 'Noun'), ('까지', 'Josa'), ('완벽', 'Noun'), ('또', 'Noun'), ('가고', 'Verb'), ('싶은', 'Verb'), ('음식점', 'Noun'), ('이네요', 'Verb'), ('ㅠㅠ', 'KoreanParticle')]"
필살기 돈가츠 가로수길점,강남구,너무 고퀄임 추천,1.0,"['퀄임', '추천']","[('너무', 'Adverb'), ('고', 'Modifier'), ('퀄임', 'Noun'), ('추천', 'Noun')]"
필살기 돈가츠 가로수길점,강남구,돈가스 너무 맛있고 너무 친절하셔요,1.0,"['돈가스', '맛있고', '친절하셔요']","[('돈가스', 'Noun'), ('너무', 'Adverb'), ('맛있고', 'Adjective'), ('너무', 'Adverb'), ('친절하셔요', 'Adjective')]"
필살기 돈가츠 가로수길점,강남구,가츠동 진짜 대박 맛있어요 다시 또 먹으러 갈게요,1.0,"['가츠동', '대박', '맛있어요', '또', '먹으러', '갈게요']","[('가츠동', 'Noun'), ('진짜', 'Noun'), ('대박', 'Noun'), ('맛있어요', 'Adjective'), ('다시', 'Noun'), ('또', 'Noun'), ('먹으러', 'Verb'), ('갈게요', 'Verb')]"
필살기 돈가츠 가로수길점,강남구,스윙스 가 좋아할 만하네요ㅋ,0.0,"['스윙스', '좋아할', '하네요']","[('스윙스', 'Noun'), ('가', 'Verb'), ('좋아할', 'Adjective'), ('만', 'Noun'), ('하네요', 'Verb'), ('ㅋ', 'KoreanParticle')]"
필살기 돈가츠 가로수길점,강남구,맛있습니다 ㅎㅎ 자주 갈 거 같아요,1.0,"['맛있습니다', '자주', '같아요']","[('맛있습니다', 'Adjective'), ('ㅎㅎ', 'KoreanParticle'), ('자주', 'Noun'), ('갈', 'Verb'), ('거', 'Noun'), ('같아요', 'Adjective')]"
필살기 돈가츠 가로수길점,강남구,일단 너무 친절하세요 맛도 너무 좋았어요ㅠㅠ 서비스로 에이드도 주시고 감사합니다,1.0,"['친절하세요', '맛', '좋았어요', '서비스', '주시', '감사합니다']","[('일단', 'Noun'), ('너무', 'Adverb'), ('친절하세요', 'Adjective'), ('맛', 'Noun'), ('도', 'Josa'), ('너무', 'Adverb'), ('좋았어요', 'Adjective'), ('ㅠㅠ', 'KoreanParticle'), ('서비스', 'Noun'), ('로', 'Josa'), ('에', 'Josa'), ('이드', 'Noun'), ('도', 'Josa'), ('주시', 'Noun'), ('고', 'Josa'), ('감사합니다', 'Verb')]"
후레쉬빌 삼성역본점,강남구,평점 관리 알바 의심되는 곳이네요,0.0,"['평점', '관리', '알바', '의심', '되는']","[('평점', 'Noun'), ('관리', 'Noun'), ('알바', 'Noun'), ('의심', 'Noun'), ('되는', 'Verb'), ('곳', 'Noun'), ('이네', 'Josa'), ('요', 'Noun')]"
후레쉬빌 삼성역본점,강남구,주말에 세텍 전시 보러 왔다가 세텍 맛 집으로 유명한 것 같아 다녀갑니다 오므라이스와 돈가스 맛있었어요,1.0,"['주말', '세텍', '전시', '보러', '왔다가', '세텍', '맛', '유명한', '같아', '다녀갑니다', '오므라이스', '돈가스', '맛있었어요']","[('주말', 'Noun'), ('에', 'Josa'), ('세텍', 'Noun'), ('전시', 'Noun'), ('보러', 'Verb'), ('왔다가', 'Verb'), ('세텍', 'Noun'), ('맛', 'Noun'), ('집', 'Noun'), ('으로', 'Josa'), ('유명한', 'Adjective'), ('것', 'Noun'), ('같아', 'Adjective'), ('다녀갑니다', 'Verb'), ('오므라이스', 'Noun'), ('와', 'Josa'), ('돈가스', 'Noun'), ('맛있었어요', 'Adjective')]"
후레쉬빌 삼성역본점,강남구,치즈돈가스 맵고 맛있어요 잘 먹고 갑니다,1.0,"['치즈', '돈가스', '맛있어요', '잘', '먹고', '갑니다']","[('치즈', 'Noun'), ('돈가스', 'Noun'), ('맵', 'Noun'), ('고', 'Josa'), ('맛있어요', 'Adjective'), ('잘', 'Verb'), ('먹고', 'Verb'), ('갑니다', 'Verb')]"
후레쉬빌 삼성역본점,강남구,사장님 바쁘신 건 알겠는데 자리 없냐고 여쭤봤는데 바쁜데 말 걸지 말라고 하시면 어떡하시나요,0.0,"['사장', '바쁘신', '알겠는데', '자리', '없냐고', '여쭤', '봤는데', '바쁜데', '걸지', '하시면', '어떡하시나요']","[('사장', 'Noun'), ('님', 'Suffix'), ('바쁘신', 'Adjective'), ('건', 'Noun'), ('알겠는데', 'Verb'), ('자리', 'Noun'), ('없냐고', 'Adjective'), ('여쭤', 'Verb'), ('봤는데', 'Verb'), ('바쁜데', 'Adjective'), ('말', 'Noun'), ('걸지', 'Verb'), ('말', 'Noun'), ('라고', 'Josa'), ('하시면', 'Verb'), ('어떡하시나요', 'Adjective')]"
후레쉬빌 삼성역본점,강남구,거래처 고객분이랑 간단히 점심을 먹었습니다 치즈 앤 치즈 불 돈가스 맵싸하게 참 맛있었어요 평일 점심 많이 붐비던데 생각보다 웨이팅 줄도 빨리 줄어들고 직원분도 참 친절하시네요 잘 먹고 갑니다,1.0,"['거래처', '고객', '간단히', '점심', '먹었습니다', '치즈', '치즈', '돈가스', '싸하게', '맛있었어요', '평일', '점심', '붐비던데', '생각', '웨이', '빨리', '줄어들고', '직원', '친절하시네요', '잘', '먹고', '갑니다']","[('거래처', 'Noun'), ('고객', 'Noun'), ('분', 'Suffix'), ('이랑', 'Josa'), ('간단히', 'Adjective'), ('점심', 'Noun'), ('을', 'Josa'), ('먹었습니다', 'Verb'), ('치즈', 'Noun'), ('앤', 'Noun'), ('치즈', 'Noun'), ('불', 'Noun'), ('돈가스', 'Noun'), ('맵', 'Noun'), ('싸하게', 'Adjective'), ('참', 'Verb'), ('맛있었어요', 'Adjective'), ('평일', 'Noun'), ('점심', 'Noun'), ('많이', 'Adverb'), ('붐비던데', 'Verb'), ('생각', 'Noun'), ('보다', 'Josa'), ('웨이', 'Noun'), ('팅', 'Noun'), ('줄', 'Noun'), ('도', 'Josa'), ('빨리', 'Adverb'), ('줄어들고', 'Verb'), ('직원', 'Noun'), ('분', 'Suffix'), ('도', 'Josa'), ('참', 'Verb'), ('친절하시네요', 'Adjective'), ('잘', 'Verb'), ('먹고', 'Verb'), ('갑니다', 'Verb')]"
후레쉬빌 삼성역본점,강남구,너무 친절하고 맛있어요 회오리 오므라이스는 신기하고 여기밖에 못 먹는 것 같아요 또 방문할 겁니다,1.0,"['친절하고', '맛있어요', '오리', '오므라이스', '신기하고', '먹는', '같아요', '또', '방문', '겁니다']","[('너무', 'Adverb'), ('친절하고', 'Adjective'), ('맛있어요', 'Adjective'), ('회', 'Noun'), ('오리', 'Noun'), ('오므라이스', 'Noun'), ('는', 'Josa'), ('신기하고', 'Adjective'), ('여기', 'Noun'), ('밖에', 'Josa'), ('못', 'Noun'), ('먹는', 'Verb'), ('것', 'Noun'), ('같아요', 'Adjective'), ('또', 'Noun'), ('방문', 'Noun'), ('할', 'Verb'), ('겁니다', 'Verb')]"
후레쉬빌 삼성역본점,강남구,기대하고 왔는데 기대 이하에요 돈가스는 매우 얇고 기름진 맛이 있어요  오므라이스 밥 안에 보통 야채 넣어주지 않나요 거의 밥만 있고 당근 조금 있은  소스는 시중 위 소스 쓴 거 같아요 매운 치즈돈가스도 시켰는데 별로 김밥천국 돈가스가 나을 듯   회사에서 식대지원해주면 와볼만한 듯 내 돈 주고 난 오고 싶지 않음,0.0,"['기대하고', '왔는데', '기대', '이하', '돈가스', '얇고', '기름진', '맛', '있어요', '오므라이스', '보통', '야채', '넣어주지', '않나요', '있고', '당근', '있은', '소스', '시중', '소스', '같아요', '매운', '치즈', '돈가스', '시켰는데', '별로', '김밥천국', '돈가스', '나을', '회사', '식대', '지원', '해주면', '주고', '오고', '싶지', '않음']","[('기대하고', 'Adjective'), ('왔는데', 'Verb'), ('기대', 'Noun'), ('이하', 'Noun'), ('에요', 'Josa'), ('돈가스', 'Noun'), ('는', 'Josa'), ('매우', 'Noun'), ('얇고', 'Adjective'), ('기름진', 'Verb'), ('맛', 'Noun'), ('이', 'Josa'), ('있어요', 'Adjective'), ('오므라이스', 'Noun'), ('밥', 'Noun'), ('안', 'Noun'), ('에', 'Josa'), ('보통', 'Noun'), ('야채', 'Noun'), ('넣어주지', 'Verb'), ('않나요', 'Verb'), ('거의', 'Noun'), ('밥', 'Noun'), ('만', 'Josa'), ('있고', 'Adjective'), ('당근', 'Noun'), ('조금', 'Noun'), ('있은', 'Adjective'), ('소스', 'Noun'), ('는', 'Josa'), ('시중', 'Noun'), ('위', 'Noun'), ('소스', 'Noun'), ('쓴', 'Verb'), ('거', 'Noun'), ('같아요', 'Adjective'), ('매운', 'Adjective'), ('치즈', 'Noun'), ('돈가스', 'Noun'), ('도', 'Josa'), ('시켰는데', 'Verb'), ('별로', 'Noun'), ('김밥천국', 'Noun'), ('돈가스', 'Noun'), ('가', 'Josa'), ('나을', 'Verb'), ('듯', 'Noun'), ('회사', 'Noun'), ('에서', 'Josa'), ('식대', 'Noun'), ('지원', 'Noun'), ('해주면', 'Verb'), ('와', 'Verb'), ('볼', 'Noun'), ('만', 'Suffix'), ('한', 'Josa'), ('듯', 'Noun'), ('내', 'Noun'), ('돈', 'Noun'), ('주고', 'Verb'), ('난', 'Noun'), ('오고', 'Verb'), ('싶지', 'Verb'), ('않음', 'Verb')]"
후레쉬빌 삼성역본점,강남구,플래 시빌 삼성역 맛집 파스타와 돈가스 끝내줍니다  회사 근처라 자주 와요 부드럽고 맛있어요,1.0,"['삼성역', '맛집', '파스타', '돈가스', '끝내줍니다', '회사', '근처', '자주', '와요', '부드럽고', '맛있어요']","[('플', 'Noun'), ('래', 'Josa'), ('시빌', 'Noun'), ('삼성역', 'Noun'), ('맛집', 'Noun'), ('파스타', 'Noun'), ('와', 'Josa'), ('돈가스', 'Noun'), ('끝내줍니다', 'Adjective'), ('회사', 'Noun'), ('근처', 'Noun'), ('라', 'Josa'), ('자주', 'Noun'), ('와요', 'Verb'), ('부드럽고', 'Adjective'), ('맛있어요', 'Adjective')]"
후레쉬빌 삼성역본점,강남구,무난,1.0,['무난'],"[('무난', 'Noun')]"
후레쉬빌 삼성역본점,강남구,혼자 와서 드시는 분들도 많던데 여럿이 와서 이것저것 시켜 먹기도 좋아요 맛없는 메뉴가 없어서 실패할 일은 없습니다 뭔가 한식 먹기는 싫고 맛있는 거 먹고 싶을 때 생각나는 곳이에요,1.0,"['와서', '드시는', '많던데', '여럿', '와서', '시켜', '먹기', '좋아요', '맛없는', '메뉴', '없어서', '실패할', '없습니다', '뭔가', '한식', '먹기', '싫고', '맛있는', '먹고', '싶을', '생각나는']","[('혼자', 'Noun'), ('와서', 'Verb'), ('드시는', 'Verb'), ('분', 'Noun'), ('들', 'Suffix'), ('도', 'Josa'), ('많던데', 'Adjective'), ('여럿', 'Noun'), ('이', 'Josa'), ('와서', 'Verb'), ('이', 'Determiner'), ('것', 'Noun'), ('저', 'Determiner'), ('것', 'Noun'), ('시켜', 'Verb'), ('먹기', 'Noun'), ('도', 'Josa'), ('좋아요', 'Adjective'), ('맛없는', 'Adjective'), ('메뉴', 'Noun'), ('가', 'Josa'), ('없어서', 'Adjective'), ('실패할', 'Adjective'), ('일', 'Noun'), ('은', 'Josa'), ('없습니다', 'Adjective'), ('뭔가', 'Noun'), ('한식', 'Noun'), ('먹기', 'Noun'), ('는', 'Josa'), ('싫고', 'Adjective'), ('맛있는', 'Adjective'), ('거', 'Noun'), ('먹고', 'Verb'), ('싶을', 'Verb'), ('때', 'Noun'), ('생각나는', 'Verb'), ('곳', 'Noun'), ('이에요', 'Josa')]"
후레쉬빌 삼성역본점,강남구,왕새우 회오리 오므라이스 장미에 빠진 돈가스 추천 메뉴가 너무 맛있어요 로 제 치즈떡볶이까지 먹으면 너무 완벽합니다 사장님도 너무 친절하시고 좋아요가 게도 넓고 쾌적합니다,1.0,"['왕새우', '오리', '오므라이스', '장미', '빠진', '돈가스', '추천', '메뉴', '맛있어요', '치즈떡볶이', '먹으면', '완벽합니다', '사장', '친절하시고', '요가', '게도', '넓고', '쾌적합니다']","[('왕새우', 'Noun'), ('회', 'Noun'), ('오리', 'Noun'), ('오므라이스', 'Noun'), ('장미', 'Noun'), ('에', 'Josa'), ('빠진', 'Verb'), ('돈가스', 'Noun'), ('추천', 'Noun'), ('메뉴', 'Noun'), ('가', 'Josa'), ('너무', 'Adverb'), ('맛있어요', 'Adjective'), ('로', 'Noun'), ('제', 'Noun'), ('치즈떡볶이', 'Noun'), ('까지', 'Josa'), ('먹으면', 'Verb'), ('너무', 'Adverb'), ('완벽합니다', 'Adjective'), ('사장', 'Noun'), ('님', 'Suffix'), ('도', 'Josa'), ('너무', 'Adverb'), ('친절하시고', 'Adjective'), ('좋아', 'Adjective'), ('요가', 'Noun'), ('게도', 'Eomi'), ('넓고', 'Adjective'), ('쾌적합니다', 'Adjective')]"
후레쉬빌 삼성역본점,강남구,완전 짱  존맛탱,1.0,['존맛'],"[('완전', 'Noun'), ('짱', 'Noun'), ('존맛', 'Noun'), ('탱', 'Adverb')]"
후레쉬빌 삼성역본점,강남구,맛있는 곳 추천,1.0,"['맛있는', '추천']","[('맛있는', 'Adjective'), ('곳', 'Noun'), ('추천', 'Noun')]"
후레쉬빌 삼성역본점,강남구,강추 좋아요,1.0,"['강추', '좋아요']","[('강추', 'Noun'), ('좋아요', 'Adjective')]"
후레쉬빌 삼성역본점,강남구,맛있어요,1.0,['맛있어요'],"[('맛있어요', 'Adjective')]"
후레쉬빌 삼성역본점,강남구,바쁜 시간이었는데도 음식이 빠르게 나오네요  돈가스 회오리 오므라이스 너무 부드럽고 맛나요 최고예요,1.0,"['바쁜', '이었는데도', '음식', '빠르게', '나오네요', '돈가스', '오리', '오므라이스', '부드럽고', '맛', '최고']","[('바쁜', 'Adjective'), ('시간', 'Noun'), ('이었는데도', 'Verb'), ('음식', 'Noun'), ('이', 'Josa'), ('빠르게', 'Adjective'), ('나오네요', 'Verb'), ('돈가스', 'Noun'), ('회', 'Noun'), ('오리', 'Noun'), ('오므라이스', 'Noun'), ('너무', 'Adverb'), ('부드럽고', 'Adjective'), ('맛', 'Noun'), ('나', 'Josa'), ('요', 'Noun'), ('최고', 'Noun'), ('예요', 'Josa')]"
후레쉬빌 삼성역본점,강남구,정말 메뉴 하나하나 정성 가득 들어갔을 것 같은 번창하세요,1.0,"['메뉴', '정성', '가득', '들어갔을', '같은', '번창', '하세요']","[('정말', 'Noun'), ('메뉴', 'Noun'), ('하나', 'Noun'), ('하나', 'Noun'), ('정성', 'Noun'), ('가득', 'Noun'), ('들어갔을', 'Verb'), ('것', 'Noun'), ('같은', 'Adjective'), ('번창', 'Noun'), ('하세요', 'Verb')]"
후레쉬빌 삼성역본점,강남구,일단 너무 맛있어요 음식도 빨리 나와서 얼른 밥 먹고 나서 알차게 점심시간을 보내고 싶은 분들께 딱입니다 특히 회오리 오므라이스는 식감이 부들부들 포들 포들 해서 좋았고 소스가 진짜 예술이에요  인정이요,1.0,"['맛있어요', '음식', '빨리', '나와서', '얼른', '먹고', '나서', '알차게', '점심시간', '보내고', '싶은', '딱입니다', '오리', '오므라이스', '식감', '부들부들', '좋았고', '소스', '예술', '인정이']","[('일단', 'Noun'), ('너무', 'Adverb'), ('맛있어요', 'Adjective'), ('음식', 'Noun'), ('도', 'Josa'), ('빨리', 'Adverb'), ('나와서', 'Verb'), ('얼른', 'Noun'), ('밥', 'Noun'), ('먹고', 'Verb'), ('나서', 'Verb'), ('알차게', 'Adjective'), ('점심시간', 'Noun'), ('을', 'Josa'), ('보내고', 'Verb'), ('싶은', 'Verb'), ('분', 'Noun'), ('들', 'Suffix'), ('께', 'Josa'), ('딱입니다', 'Adjective'), ('특히', 'Adverb'), ('회', 'Noun'), ('오리', 'Noun'), ('오므라이스', 'Noun'), ('는', 'Josa'), ('식감', 'Noun'), ('이', 'Josa'), ('부들부들', 'Noun'), ('포', 'Noun'), ('들', 'Suffix'), ('포', 'Noun'), ('들', 'Suffix'), ('해서', 'Verb'), ('좋았고', 'Adjective'), ('소스', 'Noun'), ('가', 'Josa'), ('진짜', 'Noun'), ('예술', 'Noun'), ('이에요', 'Josa'), ('인정이', 'Noun'), ('요', 'Josa')]"
후레쉬빌 삼성역본점,강남구,이곳에 돈가스는 그냥 돈가스가 아니라 엄마의 맘을 생각나게 하는 추억입니다 계속 맛있게 만들어주세요 아이들과 또 갈게요,1.0,"['돈가스', '돈가스', '아니라', '엄마', '생각나게', '하는', '추억', '맛있게', '만들어주세요', '또', '갈게요']","[('이', 'Determiner'), ('곳', 'Noun'), ('에', 'Josa'), ('돈가스', 'Noun'), ('는', 'Josa'), ('그냥', 'Noun'), ('돈가스', 'Noun'), ('가', 'Josa'), ('아니라', 'Adjective'), ('엄마', 'Noun'), ('의', 'Josa'), ('맘', 'Noun'), ('을', 'Josa'), ('생각나게', 'Verb'), ('하는', 'Verb'), ('추억', 'Noun'), ('입니다', 'Adjective'), ('계속', 'Noun'), ('맛있게', 'Adjective'), ('만들어주세요', 'Verb'), ('아이', 'Noun'), ('들', 'Suffix'), ('과', 'Josa'), ('또', 'Noun'), ('갈게요', 'Verb')]"
후레쉬빌 삼성역본점,강남구,친구들이랑 함께 갔는데 모두 맛있다고 극찬하며 냠냠 맛있게 배부르게 먹고 왔어요 맛도 맛이지만 매장도 깔끔하고 직원분들도 친절하고 너무 좋았어요,1.0,"['친구', '갔는데', '맛있다고', '극찬', '하며', '냠냠', '맛있게', '배부르게', '먹고', '왔어요', '맛', '맛', '매장', '깔끔하고', '직원', '분들', '친절하고', '좋았어요']","[('친구', 'Noun'), ('들', 'Suffix'), ('이랑', 'Josa'), ('함께', 'Adverb'), ('갔는데', 'Verb'), ('모두', 'Noun'), ('맛있다고', 'Adjective'), ('극찬', 'Noun'), ('하며', 'Verb'), ('냠냠', 'Adverb'), ('맛있게', 'Adjective'), ('배부르게', 'Adjective'), ('먹고', 'Verb'), ('왔어요', 'Verb'), ('맛', 'Noun'), ('도', 'Josa'), ('맛', 'Noun'), ('이지만', 'Josa'), ('매장', 'Noun'), ('도', 'Josa'), ('깔끔하고', 'Adjective'), ('직원', 'Noun'), ('분들', 'Suffix'), ('도', 'Josa'), ('친절하고', 'Adjective'), ('너무', 'Adverb'), ('좋았어요', 'Adjective')]"
후레쉬빌 삼성역본점,강남구,직원들 친절하고 음식도 맛있음 특히 돈가스하고 오므라이스가 진짜 맛있음 조만간 다시 올 예정,1.0,"['직원', '친절하고', '음식', '맛있음', '돈가스', '오므라이스', '맛있음', '조만간', '예정']","[('직원', 'Noun'), ('들', 'Suffix'), ('친절하고', 'Adjective'), ('음식', 'Noun'), ('도', 'Josa'), ('맛있음', 'Adjective'), ('특히', 'Adverb'), ('돈가스', 'Noun'), ('하고', 'Josa'), ('오므라이스', 'Noun'), ('가', 'Josa'), ('진짜', 'Noun'), ('맛있음', 'Adjective'), ('조만간', 'Noun'), ('다시', 'Noun'), ('올', 'Verb'), ('예정', 'Noun')]"
후레쉬빌 삼성역본점,강남구,일행과 즐거운 식사를 할 수 있었습니다 오므 돈가스 정말 맛있었어요,1.0,"['일행', '즐거운', '식사', '있었습니다', '오므', '돈가스', '맛있었어요']","[('일행', 'Noun'), ('과', 'Josa'), ('즐거운', 'Adjective'), ('식사', 'Noun'), ('를', 'Josa'), ('할', 'Verb'), ('수', 'Noun'), ('있었습니다', 'Adjective'), ('오므', 'Noun'), ('돈가스', 'Noun'), ('정말', 'Noun'), ('맛있었어요', 'Adjective')]"
후레쉬빌 삼성역본점,강남구,뭐 먹을지 못 골라서 친구랑 들어갔는데 주문한 거 전부 꿀맛이었음 다음에 또 오겠습니다ᄒᄒ정식 돈가스 회오리 오므라이스 낸 파스타 샐러드,1.0,"['먹을지', '친구', '들어갔는데', '주문', '꿀맛', '이었음', '또', '오겠습니다', 'ᄒᄒ', '정식', '돈가스', '오리', '오므라이스', '파스타', '샐러드']","[('뭐', 'Noun'), ('먹을지', 'Verb'), ('못', 'Noun'), ('골', 'Noun'), ('라서', 'Josa'), ('친구', 'Noun'), ('랑', 'Josa'), ('들어갔는데', 'Verb'), ('주문', 'Noun'), ('한', 'Josa'), ('거', 'Noun'), ('전부', 'Noun'), ('꿀맛', 'Noun'), ('이었음', 'Verb'), ('다음', 'Noun'), ('에', 'Josa'), ('또', 'Noun'), ('오겠습니다', 'Verb'), ('ᄒᄒ', 'Foreign'), ('정식', 'Noun'), ('돈가스', 'Noun'), ('회', 'Noun'), ('오리', 'Noun'), ('오므라이스', 'Noun'), ('낸', 'Verb'), ('파스타', 'Noun'), ('샐러드', 'Noun')]"
후레쉬빌 삼성역본점,강남구,그냥 무난한 맛 조금 비싼 가격  회사 근처라 사람이 많은 듯 머지 포인트 쓰러 왔는데 한 달 한도 만원 ㅋㅋ 다음 달에 재결제 해도 되냐는 말에  굳이 이러고 있네 가능하지만 안 해주겠다는 말 그럼 난 굳이 또 오고 싶지가 않음 사장 아줌마 불친절 머지 포인트 쓰려면 미리 연락하고 가세요  다음 달에 쓰러 오라면서 머지 포인트 내리심 ㅋ,0.0,"['무난', '맛', '비싼', '가격', '회사', '근처', '사람', '많은', '포인트', '쓰러', '왔는데', '한도', '만원', '결제', '해도', '되냐는', '굳이', '이러고', '있네', '가능하지만', '해주겠다는', '굳이', '또', '오고', '싶지가', '않음', '사장', '아줌마', '불친절', '포인트', '쓰려면', '미리', '연락', '가세', '쓰러', '오라면서', '포인트', '리심']","[('그냥', 'Noun'), ('무난', 'Noun'), ('한', 'Josa'), ('맛', 'Noun'), ('조금', 'Noun'), ('비싼', 'Adjective'), ('가격', 'Noun'), ('회사', 'Noun'), ('근처', 'Noun'), ('라', 'Josa'), ('사람', 'Noun'), ('이', 'Josa'), ('많은', 'Adjective'), ('듯', 'Noun'), ('머', 'Noun'), ('지', 'Josa'), ('포인트', 'Noun'), ('쓰러', 'Verb'), ('왔는데', 'Verb'), ('한', 'Verb'), ('달', 'Noun'), ('한도', 'Noun'), ('만원', 'Noun'), ('ㅋㅋ', 'KoreanParticle'), ('다음', 'Noun'), ('달', 'Noun'), ('에', 'Josa'), ('재', 'Noun'), ('결제', 'Noun'), ('해도', 'Noun'), ('되냐는', 'Verb'), ('말', 'Noun'), ('에', 'Josa'), ('굳이', 'Noun'), ('이러고', 'Verb'), ('있네', 'Adjective'), ('가능하지만', 'Adjective'), ('안', 'Noun'), ('해주겠다는', 'Verb'), ('말', 'Noun'), ('그럼', 'Adjective'), ('난', 'Noun'), ('굳이', 'Noun'), ('또', 'Noun'), ('오고', 'Verb'), ('싶지가', 'Verb'), ('않음', 'Verb'), ('사장', 'Noun'), ('아줌마', 'Noun'), ('불친절', 'Noun'), ('머', 'Noun'), ('지', 'Josa'), ('포인트', 'Noun'), ('쓰려면', 'Verb'), ('미리', 'Noun'), ('연락', 'Noun'), ('하고', 'Josa'), ('가세', 'Noun'), ('요', 'Josa'), ('다음', 'Noun'), ('달', 'Noun'), ('에', 'Josa'), ('쓰러', 'Verb'), ('오라면서', 'Verb'), ('머', 'Noun'), ('지', 'Josa'), ('포인트', 'Noun'), ('내', 'Determiner'), ('리심', 'Noun'), ('ㅋ', 'KoreanParticle')]"
후레쉬빌 삼성역본점,강남구,분위기도 깔끔하고 직원분들도 친절해요 플래 시빌 정식이랑 치즈 앤 치즈 불 돈가스 먹었는데 맛있어요 우리 초등학생 얘 둘도 잘 먹었어요,1.0,"['분위기', '깔끔하고', '직원', '분들', '친절해요', '정식', '치즈', '치즈', '돈가스', '먹었는데', '맛있어요', '초등학생', '잘', '먹었어요']","[('분위기', 'Noun'), ('도', 'Josa'), ('깔끔하고', 'Adjective'), ('직원', 'Noun'), ('분들', 'Suffix'), ('도', 'Josa'), ('친절해요', 'Adjective'), ('플', 'Noun'), ('래', 'Josa'), ('시빌', 'Noun'), ('정식', 'Noun'), ('이랑', 'Josa'), ('치즈', 'Noun'), ('앤', 'Noun'), ('치즈', 'Noun'), ('불', 'Noun'), ('돈가스', 'Noun'), ('먹었는데', 'Verb'), ('맛있어요', 'Adjective'), ('우리', 'Noun'), ('초등학생', 'Noun'), ('얘', 'Noun'), ('둘', 'Noun'), ('도', 'Josa'), ('잘', 'Verb'), ('먹었어요', 'Verb')]"
후레쉬빌 삼성역본점,강남구,맛은 괜찮아요 음식 나오는 속도도 괜찮은데 여기 리뷰 관리하나요 아래 점 리뷰 대부분이 이곳 한곳만 리뷰했습니다 알바 느낀 물씬 나네요 솔직히 점 이상에 맛인지는 모르겠어요,0.0,"['맛', '괜찮아요', '음식', '나오는', '속도', '괜찮은데', '리뷰', '관리', '하나요', '아래', '리뷰', '대부분', '리뷰', '했습니다', '알바', '느낀', '물씬', '나네요', '솔직히', '맛', '지는', '모르겠어요']","[('맛', 'Noun'), ('은', 'Josa'), ('괜찮아요', 'Adjective'), ('음식', 'Noun'), ('나오는', 'Verb'), ('속도', 'Noun'), ('도', 'Josa'), ('괜찮은데', 'Adjective'), ('여기', 'Noun'), ('리뷰', 'Noun'), ('관리', 'Noun'), ('하나요', 'Noun'), ('아래', 'Noun'), ('점', 'Noun'), ('리뷰', 'Noun'), ('대부분', 'Noun'), ('이', 'Josa'), ('이', 'Determiner'), ('곳', 'Noun'), ('한', 'Determiner'), ('곳', 'Noun'), ('만', 'Josa'), ('리뷰', 'Noun'), ('했습니다', 'Verb'), ('알바', 'Noun'), ('느낀', 'Verb'), ('물씬', 'Noun'), ('나네요', 'Verb'), ('솔직히', 'Adjective'), ('점', 'Noun'), ('이상', 'Noun'), ('에', 'Josa'), ('맛', 'Noun'), ('인', 'Suffix'), ('지는', 'Josa'), ('모르겠어요', 'Verb')]"
후레쉬빌 삼성역본점,강남구,숨겨진 맛집 찾음  ,1.0,"['숨겨진', '맛집', '찾음']","[('숨겨진', 'Verb'), ('맛집', 'Noun'), ('찾음', 'Verb')]"
후레쉬빌 삼성역본점,강남구,맛있고 구성비 좋아요,1.0,"['맛있고', '성비', '좋아요']","[('맛있고', 'Adjective'), ('구', 'Modifier'), ('성비', 'Noun'), ('좋아요', 'Adjective')]"
후레쉬빌 삼성역본점,강남구,적절한 가격 내에서 최선을 다해 만들 수 있는 맛,1.0,"['적절한', '가격', '최선', '다해', '만들', '있는', '맛']","[('적절한', 'Adjective'), ('가격', 'Noun'), ('내', 'Noun'), ('에서', 'Josa'), ('최선', 'Noun'), ('을', 'Josa'), ('다해', 'Noun'), ('만들', 'Verb'), ('수', 'Noun'), ('있는', 'Adjective'), ('맛', 'Noun')]"
후레쉬빌 삼성역본점,강남구,동네 분식집 수준  구성비도 맛도 엉망,0.0,"['동네', '분식집', '수준', '구성', '비도', '맛', '엉망']","[('동네', 'Noun'), ('분식집', 'Noun'), ('수준', 'Noun'), ('구성', 'Noun'), ('비도', 'Noun'), ('맛', 'Noun'), ('도', 'Josa'), ('엉망', 'Noun')]"
후레쉬빌 삼성역본점,강남구,맛있었어요 매콤해요  냉메밀도 시원하고 맛나요 점심시간에 느지막이 오면 웨이팅 있을 수 있어요,1.0,"['맛있었어요', '매콤', '메밀', '시원하고', '맛', '점심시간', '느지막', '오면', '웨이', '있을', '있어요']","[('맛있었어요', 'Adjective'), ('매콤', 'Noun'), ('해요', 'Verb'), ('냉', 'Noun'), ('메밀', 'Noun'), ('도', 'Josa'), ('시원하고', 'Adjective'), ('맛', 'Noun'), ('나', 'Josa'), ('요', 'Noun'), ('점심시간', 'Noun'), ('에', 'Josa'), ('느지막', 'Noun'), ('이', 'Josa'), ('오면', 'Verb'), ('웨이', 'Noun'), ('팅', 'Noun'), ('있을', 'Adjective'), ('수', 'Noun'), ('있어요', 'Adjective')]"
후레쉬빌 삼성역본점,강남구,구우우웃,1.0,['우우'],"[('구', 'Noun'), ('우우', 'Adverb'), ('웃', 'Noun')]"
후레쉬빌 삼성역본점,강남구,맛있어요 ,1.0,['맛있어요'],"[('맛있어요', 'Adjective')]"
후레쉬빌 삼성역본점,강남구,가격도 맛도 좋아요 시 분쯤 들어갔는데 웨이팅 없이 바로 식사했습니다 ,1.0,"['가격', '맛', '좋아요', '들어갔는데', '웨이', '식사', '했습니다']","[('가격', 'Noun'), ('도', 'Josa'), ('맛', 'Noun'), ('도', 'Josa'), ('좋아요', 'Adjective'), ('시', 'Noun'), ('분', 'Noun'), ('쯤', 'Suffix'), ('들어갔는데', 'Verb'), ('웨이', 'Noun'), ('팅', 'Noun'), ('없이', 'Adverb'), ('바로', 'Noun'), ('식사', 'Noun'), ('했습니다', 'Verb')]"
후레쉬빌 삼성역본점,강남구,회사 근처에 있는 맛집 점심시간 항상 웨이팅 있어요,1.0,"['회사', '근처', '있는', '맛집', '점심시간', '항상', '웨이', '있어요']","[('회사', 'Noun'), ('근처', 'Noun'), ('에', 'Josa'), ('있는', 'Adjective'), ('맛집', 'Noun'), ('점심시간', 'Noun'), ('항상', 'Noun'), ('웨이', 'Noun'), ('팅', 'Noun'), ('있어요', 'Adjective')]"
후레쉬빌 삼성역본점,강남구,돈가스 맛 집인 줄 알았는데 샐러드까지 너무 맛있네요 매장도 쾌적하고 분위기도 좋아요ㅎㅎ 담에 또 오고싶어요ㅎㅎ,1.0,"['돈가스', '맛', '알았는데', '샐러드', '맛있네요', '매장', '쾌적하고', '분위기', '좋아요', '또', '오고싶어요']","[('돈가스', 'Noun'), ('맛', 'Noun'), ('집', 'Noun'), ('인', 'Josa'), ('줄', 'Noun'), ('알았는데', 'Verb'), ('샐러드', 'Noun'), ('까지', 'Josa'), ('너무', 'Adverb'), ('맛있네요', 'Adjective'), ('매장', 'Noun'), ('도', 'Josa'), ('쾌적하고', 'Adjective'), ('분위기', 'Noun'), ('도', 'Josa'), ('좋아요', 'Adjective'), ('ㅎㅎ', 'KoreanParticle'), ('담', 'Noun'), ('에', 'Josa'), ('또', 'Noun'), ('오고싶어요', 'Verb'), ('ㅎㅎ', 'KoreanParticle')]"
후레쉬빌 삼성역본점,강남구,맛있게 잘 먹었습니다 치즈피자 맛있었어요,1.0,"['맛있게', '잘', '먹었습니다', '치즈', '피자', '맛있었어요']","[('맛있게', 'Adjective'), ('잘', 'Verb'), ('먹었습니다', 'Verb'), ('치즈', 'Noun'), ('피자', 'Noun'), ('맛있었어요', 'Adjective')]"
후레쉬빌 삼성역본점,강남구,지인 추천으로 와서 맛있게 먹고 갑니다 갈릭 어니언 치즈피자 진짜 맛있어요,1.0,"['지인', '추천', '와서', '맛있게', '먹고', '갑니다', '갈릭', '어니언', '치즈', '피자', '맛있어요']","[('지인', 'Noun'), ('추천', 'Noun'), ('으로', 'Josa'), ('와서', 'Verb'), ('맛있게', 'Adjective'), ('먹고', 'Verb'), ('갑니다', 'Verb'), ('갈릭', 'Noun'), ('어니언', 'Noun'), ('치즈', 'Noun'), ('피자', 'Noun'), ('진짜', 'Noun'), ('맛있어요', 'Adjective')]"
후레쉬빌 삼성역본점,강남구,주변 지인들에게도 추천해주는 인생 맛 집 너무 맛있고 가격도 저렴하고 직원분들도 착하시고 다 좋아요,1.0,"['주변', '지인', '에게도', '추천', '해주는', '인생', '맛', '맛있고', '가격', '저렴하고', '직원', '분들', '착하시고', '좋아요']","[('주변', 'Noun'), ('지인', 'Noun'), ('들', 'Suffix'), ('에게도', 'Josa'), ('추천', 'Noun'), ('해주는', 'Verb'), ('인생', 'Noun'), ('맛', 'Noun'), ('집', 'Noun'), ('너무', 'Adverb'), ('맛있고', 'Adjective'), ('가격', 'Noun'), ('도', 'Josa'), ('저렴하고', 'Adjective'), ('직원', 'Noun'), ('분들', 'Suffix'), ('도', 'Josa'), ('착하시고', 'Adjective'), ('다', 'Adverb'), ('좋아요', 'Adjective')]"
후레쉬빌 삼성역본점,강남구,플래 시빌 정식 매장의 대표 메뉴로 든든한 한 끼를 넘어서 맛있는 한 끼로 불리기에 충분하며 셀프 바를 이용하면 다양한 반찬까지 삼성역에서 이런 곳을 찾은 것은 정말 다행입니다 옆 테이블에서 어떤 분이 국밥을 맛나게 드시는데 조만간 다시 들러 양갑 조국 밥을 꼭 먹어야겠다는 다짐과 함께 오늘 점심은 정말 맛있었습니다,1.0,"['정식', '매장', '대표', '메뉴', '든든한', '넘어서', '맛있는', '불리기에', '충분하며', '셀프', '바를', '이용', '하면', '다양한', '반찬', '삼성역', '찾은', '다행', '테이블', '국밥', '맛', '나게', '드시는데', '조만간', '들러', '양갑', '조국', '먹어야겠다는', '다짐', '점심', '맛있었습니다']","[('플', 'Noun'), ('래', 'Josa'), ('시빌', 'Noun'), ('정식', 'Noun'), ('매장', 'Noun'), ('의', 'Josa'), ('대표', 'Noun'), ('메뉴', 'Noun'), ('로', 'Josa'), ('든든한', 'Adjective'), ('한', 'Verb'), ('끼', 'Noun'), ('를', 'Josa'), ('넘어서', 'Verb'), ('맛있는', 'Adjective'), ('한', 'Verb'), ('끼', 'Noun'), ('로', 'Josa'), ('불리기에', 'Verb'), ('충분하며', 'Adjective'), ('셀프', 'Noun'), ('바를', 'Verb'), ('이용', 'Noun'), ('하면', 'Verb'), ('다양한', 'Adjective'), ('반찬', 'Noun'), ('까지', 'Josa'), ('삼성역', 'Noun'), ('에서', 'Josa'), ('이런', 'Adjective'), ('곳', 'Noun'), ('을', 'Josa'), ('찾은', 'Verb'), ('것', 'Noun'), ('은', 'Josa'), ('정말', 'Noun'), ('다행', 'Noun'), ('입니다', 'Adjective'), ('옆', 'Noun'), ('테이블', 'Noun'), ('에서', 'Josa'), ('어떤', 'Adjective'), ('분', 'Noun'), ('이', 'Josa'), ('국밥', 'Noun'), ('을', 'Josa'), ('맛', 'Noun'), ('나게', 'Verb'), ('드시는데', 'Verb'), ('조만간', 'Noun'), ('다시', 'Noun'), ('들러', 'Verb'), ('양갑', 'Noun'), ('조국', 'Noun'), ('밥', 'Noun'), ('을', 'Josa'), ('꼭', 'Noun'), ('먹어야겠다는', 'Verb'), ('다짐', 'Noun'), ('과', 'Josa'), ('함께', 'Adverb'), ('오늘', 'Noun'), ('점심', 'Noun'), ('은', 'Josa'), ('정말', 'Noun'), ('맛있었습니다', 'Adjective')]"
후레쉬빌 삼성역본점,강남구,너무너무 맛있어요,1.0,['맛있어요'],"[('너무', 'Adverb'), ('너무', 'Adverb'), ('맛있어요', 'Adjective')]"
후레쉬빌 삼성역본점,강남구,깔끔하고 맛있음 ,1.0,"['깔끔하고', '맛있음']","[('깔끔하고', 'Adjective'), ('맛있음', 'Adjective')]"
후레쉬빌 삼성역본점,강남구,오므라이스가 맛있는데 돈가스가 별로예요 냉동 같아요,0.0,"['오므라이스', '맛있는데', '돈가스', '별로', '냉동', '같아요']","[('오므라이스', 'Noun'), ('가', 'Josa'), ('맛있는데', 'Adjective'), ('돈가스', 'Noun'), ('가', 'Josa'), ('별로', 'Noun'), ('예요', 'Josa'), ('냉동', 'Noun'), ('같아요', 'Adjective')]"
후레쉬빌 삼성역본점,강남구,근처 갔다가 맛 집 떠서 부모님 모시고 갔는데 입맛에다 맞으신다고 맛있게 드셨어요 역에서 좀 거리 있는데 사람이 많네요,1.0,"['근처', '갔다가', '맛', '떠서', '부모님', '모시', '갔는데', '입맛', '에다', '맞으', '신다고', '맛있게', '드셨어요', '거리', '있는데', '사람', '많네요']","[('근처', 'Noun'), ('갔다가', 'Verb'), ('맛', 'Noun'), ('집', 'Noun'), ('떠서', 'Verb'), ('부모님', 'Noun'), ('모시', 'Noun'), ('고', 'Josa'), ('갔는데', 'Verb'), ('입맛', 'Noun'), ('에다', 'Josa'), ('맞으', 'Verb'), ('신다고', 'Verb'), ('맛있게', 'Adjective'), ('드셨어요', 'Verb'), ('역', 'Noun'), ('에서', 'Josa'), ('좀', 'Noun'), ('거리', 'Noun'), ('있는데', 'Adjective'), ('사람', 'Noun'), ('이', 'Josa'), ('많네요', 'Adjective')]"
후레쉬빌 삼성역본점,강남구,오무 돈가스 맛있네요 친절해요 ,1.0,"['돈가스', '맛있네요', '친절해요']","[('오', 'Modifier'), ('무', 'Noun'), ('돈가스', 'Noun'), ('맛있네요', 'Adjective'), ('친절해요', 'Adjective')]"
후레쉬빌 삼성역본점,강남구,거의 년째 가는데 한결같이 너무 맛있어요 갈 때마다 잊지 않고 먼저 인사해 시구  너무 친절하셔요  ,1.0,"['가는데', '한결같이', '맛있어요', '잊지', '않고', '먼저', '인사', '시구', '친절하셔요']","[('거의', 'Noun'), ('년', 'Noun'), ('째', 'Suffix'), ('가는데', 'Verb'), ('한결같이', 'Adverb'), ('너무', 'Adverb'), ('맛있어요', 'Adjective'), ('갈', 'Verb'), ('때', 'Noun'), ('마다', 'Josa'), ('잊지', 'Verb'), ('않고', 'Verb'), ('먼저', 'Noun'), ('인사', 'Noun'), ('해', 'Verb'), ('시구', 'Noun'), ('너무', 'Adverb'), ('친절하셔요', 'Adjective')]"
후레쉬빌 삼성역본점,강남구,음식은 대체적으로 훌륭한 편이에요 그러나 주인아주머니 장사 요령이 없네요 앉자마자 지금 안 시키면 늦게 나온다는 말씀을 모든 테이블에 하고 다니더라고요 손님들 바보 아닙니다 그냥 주문 한꺼번에 받아서 조리 하고 싶은 욕심이겠죠 플래 시빌  거리 회사 연차 근무 중인데 갈 곳 없어 갑니다  그리고 매장에 음악 정신없어요 정신없이 빨리 먹고,0.0,"['음식', '체적', '훌륭한', '편이', '주인', '아주머니', '장사', '요령', '없네요', '앉자마자', '시키면', '늦게', '나온다는', '말씀', '테이블', '다니더라고요', '손님', '바보', '아닙니다', '주문', '한꺼', '받아서', '조리', '싶은', '욕심', '겠죠', '거리', '회사', '연차', '근무', '없어', '갑니다', '매장', '음악', '정신', '없어요', '정신없이', '빨리', '먹고']","[('음식', 'Noun'), ('은', 'Josa'), ('대', 'Modifier'), ('체적', 'Noun'), ('으로', 'Josa'), ('훌륭한', 'Adjective'), ('편이', 'Noun'), ('에요', 'Josa'), ('그러나', 'Conjunction'), ('주인', 'Noun'), ('아주머니', 'Noun'), ('장사', 'Noun'), ('요령', 'Noun'), ('이', 'Josa'), ('없네요', 'Adjective'), ('앉자마자', 'Verb'), ('지금', 'Noun'), ('안', 'Noun'), ('시키면', 'Verb'), ('늦게', 'Verb'), ('나온다는', 'Verb'), ('말씀', 'Noun'), ('을', 'Josa'), ('모든', 'Noun'), ('테이블', 'Noun'), ('에', 'Josa'), ('하고', 'Verb'), ('다니더라고요', 'Verb'), ('손님', 'Noun'), ('들', 'Suffix'), ('바보', 'Noun'), ('아닙니다', 'Adjective'), ('그냥', 'Noun'), ('주문', 'Noun'), ('한꺼', 'Verb'), ('번', 'Noun'), ('에', 'Josa'), ('받아서', 'Verb'), ('조리', 'Noun'), ('하고', 'Verb'), ('싶은', 'Verb'), ('욕심', 'Noun'), ('이', 'Josa'), ('겠죠', 'Verb'), ('플', 'Noun'), ('래', 'Josa'), ('시빌', 'Noun'), ('거리', 'Noun'), ('회사', 'Noun'), ('연차', 'Noun'), ('근무', 'Noun'), ('중', 'Noun'), ('인데', 'Josa'), ('갈', 'Verb'), ('곳', 'Noun'), ('없어', 'Adjective'), ('갑니다', 'Verb'), ('그리고', 'Conjunction'), ('매장', 'Noun'), ('에', 'Josa'), ('음악', 'Noun'), ('정신', 'Noun'), ('없어요', 'Adjective'), ('정신없이', 'Adverb'), ('빨리', 'Adverb'), ('먹고', 'Verb')]"
후레쉬빌 삼성역본점,강남구,아주머니 인성부터 고치세요 일행 오기까지  분 걸린다니까 지금 안 시킬 거면 자리를 다른 사람 준다느니 빨리 시키라니 엄청 재촉하고 음식은 그럼 왜  분 안에 안 주세요 음식이 맛있으면 뭐 합니까 인성이 거지 같은데 ㅎㅎ,0.0,"['아주머니', '인성', '고치세요', '일행', '오기', '걸린다니까', '시킬', '자리', '사람', '준다느니', '빨리', '시키라니', '재촉', '음식', '주세요', '음식', '맛있으면', '니까', '인성', '거지', '같은데']","[('아주머니', 'Noun'), ('인성', 'Noun'), ('부터', 'Josa'), ('고치세요', 'Verb'), ('일행', 'Noun'), ('오기', 'Noun'), ('까지', 'Josa'), ('분', 'Noun'), ('걸린다니까', 'Verb'), ('지금', 'Noun'), ('안', 'Noun'), ('시킬', 'Verb'), ('거', 'Noun'), ('면', 'Josa'), ('자리', 'Noun'), ('를', 'Josa'), ('다른', 'Noun'), ('사람', 'Noun'), ('준다느니', 'Verb'), ('빨리', 'Adverb'), ('시키라니', 'Verb'), ('엄청', 'Adverb'), ('재촉', 'Noun'), ('하고', 'Josa'), ('음식', 'Noun'), ('은', 'Josa'), ('그럼', 'Adjective'), ('왜', 'Noun'), ('분', 'Noun'), ('안', 'Noun'), ('에', 'Josa'), ('안', 'Noun'), ('주세요', 'Verb'), ('음식', 'Noun'), ('이', 'Josa'), ('맛있으면', 'Adjective'), ('뭐', 'Noun'), ('합', 'Noun'), ('니까', 'Josa'), ('인성', 'Noun'), ('이', 'Josa'), ('거지', 'Noun'), ('같은데', 'Adjective'), ('ㅎㅎ', 'KoreanParticle')]"
후레쉬빌 삼성역본점,강남구,여기 일하는 아줌마 마인드가 개똥이네요 ,0.0,"['하는', '아줌마', '마인드', '개똥이']","[('여기', 'Noun'), ('일', 'Noun'), ('하는', 'Verb'), ('아줌마', 'Noun'), ('마인드', 'Noun'), ('가', 'Josa'), ('개똥이', 'Noun'), ('네', 'Suffix'), ('요', 'Josa')]"
후레쉬빌 삼성역본점,강남구,잘 먹고 갑니다 그리고 음식을 줄 때 데코를 해 예쁘고 사진 찍기도 좋은 것 같네요 음식도 담백하고 맛도 좋네요,1.0,"['잘', '먹고', '갑니다', '음식', '데코', '예쁘고', '사진', '찍기', '좋은', '같네요', '음식', '담백하고', '맛', '좋네요']","[('잘', 'Verb'), ('먹고', 'Verb'), ('갑니다', 'Verb'), ('그리고', 'Conjunction'), ('음식', 'Noun'), ('을', 'Josa'), ('줄', 'Noun'), ('때', 'Noun'), ('데코', 'Noun'), ('를', 'Josa'), ('해', 'Noun'), ('예쁘고', 'Adjective'), ('사진', 'Noun'), ('찍기', 'Noun'), ('도', 'Josa'), ('좋은', 'Adjective'), ('것', 'Noun'), ('같네요', 'Adjective'), ('음식', 'Noun'), ('도', 'Josa'), ('담백하고', 'Adjective'), ('맛', 'Noun'), ('도', 'Josa'), ('좋네요', 'Adjective')]"
후레쉬빌 삼성역본점,강남구,잘 먹었습니다,1.0,"['잘', '먹었습니다']","[('잘', 'Verb'), ('먹었습니다', 'Verb')]"
후레쉬빌 삼성역본점,강남구,오므라이스가 정말 일품이네요 소스도 최고예요,1.0,"['오므라이스', '일품', '소스', '최고']","[('오므라이스', 'Noun'), ('가', 'Josa'), ('정말', 'Noun'), ('일품', 'Noun'), ('이네', 'Josa'), ('요', 'Noun'), ('소스', 'Noun'), ('도', 'Josa'), ('최고', 'Noun'), ('예요', 'Josa')]"
후레쉬빌 삼성역본점,강남구,너무 오므라이스가 맛있었어요 오므라이스는 원래 소스가 다 비슷한데 여기는 깔끔하고 맛있어요 잘 먹고 갑니다,1.0,"['오므라이스', '맛있었어요', '오므라이스', '소스', '비슷한데', '여기는', '깔끔하고', '맛있어요', '잘', '먹고', '갑니다']","[('너무', 'Adverb'), ('오므라이스', 'Noun'), ('가', 'Josa'), ('맛있었어요', 'Adjective'), ('오므라이스', 'Noun'), ('는', 'Josa'), ('원래', 'Noun'), ('소스', 'Noun'), ('가', 'Josa'), ('다', 'Adverb'), ('비슷한데', 'Adjective'), ('여기는', 'Verb'), ('깔끔하고', 'Adjective'), ('맛있어요', 'Adjective'), ('잘', 'Verb'), ('먹고', 'Verb'), ('갑니다', 'Verb')]"
후레쉬빌 삼성역본점,강남구,단골입니다 가족들이랑 오무 돈가스와 양갑 조국 밥 먹으러 자주 가요,1.0,"['단골', '가족', '돈가스', '양갑', '조국', '먹으러', '자주']","[('단골', 'Noun'), ('입니다', 'Adjective'), ('가족', 'Noun'), ('들', 'Suffix'), ('이랑', 'Josa'), ('오', 'Modifier'), ('무', 'Noun'), ('돈가스', 'Noun'), ('와', 'Josa'), ('양갑', 'Noun'), ('조국', 'Noun'), ('밥', 'Noun'), ('먹으러', 'Verb'), ('자주', 'Noun'), ('가요', 'Noun')]"
후레쉬빌 삼성역본점,강남구,흰 파스타 강려크츄천이용 매콤하고 부드러워 짜릿해 최고야,1.0,"['파스타', '강려', '이용', '매콤', '부드러워', '짜릿해', '최고']","[('흰', 'Adjective'), ('파스타', 'Noun'), ('강려', 'Noun'), ('크', 'Verb'), ('츄', 'Noun'), ('천', 'Suffix'), ('이용', 'Noun'), ('매콤', 'Noun'), ('하고', 'Josa'), ('부드러워', 'Adjective'), ('짜릿해', 'Adjective'), ('최고', 'Noun'), ('야', 'Josa')]"
후레쉬빌 삼성역본점,강남구,저는 경양식 돈가스가 좋아요 맛도 좋고 분위기도 좋고 ㅋ,1.0,"['양식', '돈가스', '좋아요', '맛', '좋고', '분위기', '좋고']","[('저', 'Noun'), ('는', 'Josa'), ('경', 'Modifier'), ('양식', 'Noun'), ('돈가스', 'Noun'), ('가', 'Josa'), ('좋아요', 'Adjective'), ('맛', 'Noun'), ('도', 'Josa'), ('좋고', 'Adjective'), ('분위기', 'Noun'), ('도', 'Josa'), ('좋고', 'Adjective'), ('ㅋ', 'KoreanParticle')]"
후레쉬빌 삼성역본점,강남구,옛날 경양식을 세련된 분위기에서 즐길 수 있네요 만족했어요,1.0,"['옛날', '양식', '세련된', '분위기', '즐길', '있네요', '만족했어요']","[('옛날', 'Noun'), ('경', 'Modifier'), ('양식', 'Noun'), ('을', 'Josa'), ('세련된', 'Adjective'), ('분위기', 'Noun'), ('에서', 'Josa'), ('즐길', 'Verb'), ('수', 'Noun'), ('있네요', 'Adjective'), ('만족했어요', 'Adjective')]"
후레쉬빌 삼성역본점,강남구,몇 년째 강남 쪽 볼 일 있을 때마다 들르는 맛 집입니다 트렌드나 시류를 기대하면 기준에 안 맞을 수 있지만 정성 담긴 경양식을 맛볼 수 있는 곳입니다  강추,1.0,"['강남', '있을', '들르는', '맛', '트렌드', '시류', '기대하면', '기준', '맞을', '있지만', '정성', '담긴', '양식', '맛볼', '있는', '강추']","[('몇', 'Noun'), ('년', 'Noun'), ('째', 'Suffix'), ('강남', 'Noun'), ('쪽', 'Noun'), ('볼', 'Noun'), ('일', 'Noun'), ('있을', 'Adjective'), ('때', 'Noun'), ('마다', 'Josa'), ('들르는', 'Verb'), ('맛', 'Noun'), ('집', 'Noun'), ('입니다', 'Adjective'), ('트렌드', 'Noun'), ('나', 'Josa'), ('시류', 'Noun'), ('를', 'Josa'), ('기대하면', 'Adjective'), ('기준', 'Noun'), ('에', 'Josa'), ('안', 'Noun'), ('맞을', 'Verb'), ('수', 'Noun'), ('있지만', 'Adjective'), ('정성', 'Noun'), ('담긴', 'Verb'), ('경', 'Modifier'), ('양식', 'Noun'), ('을', 'Josa'), ('맛볼', 'Verb'), ('수', 'Noun'), ('있는', 'Adjective'), ('곳', 'Noun'), ('입니다', 'Adjective'), ('강추', 'Noun')]"
후레쉬빌 삼성역본점,강남구,적당한 서비스와 맛은 굿 가격은 더 굿 담에 또 올 거예요,1.0,"['적당한', '서비스', '맛', '가격', '또']","[('적당한', 'Adjective'), ('서비스', 'Noun'), ('와', 'Josa'), ('맛', 'Noun'), ('은', 'Josa'), ('굿', 'Noun'), ('가격', 'Noun'), ('은', 'Josa'), ('더', 'Noun'), ('굿', 'Noun'), ('담', 'Noun'), ('에', 'Josa'), ('또', 'Noun'), ('올', 'Verb'), ('거', 'Noun'), ('예요', 'Josa')]"
후레쉬빌 삼성역본점,강남구,코엑스에 같이 온 외국인 두 명을 데리고 점심을 먹어야 하는데  뭘 좋아할 찌 몰라 고민하며 검색을 했는데 후레쉬빌의 종업원이 불친절하다는 등의 댓글이 있어서 망설이다 갔는데 음식 종류도 많고 가격 대비 내용이 충실해서 외국인과 점심 먹기엔 정말 안성맞춤이네요 마침 같이 갔던 중국 친구도 미국 친구도 모두 맛있게 먹어서 일단 대만족이고 전시회 때문에 삼성동에 자주 오는 나로서는 가성,1.0,"['코엑스', '외국인', '데리', '점심', '먹어야', '하는데', '좋아할', '몰라', '고민', '하며', '검색', '했는데', '레쉬', '빌의', '종업원', '불친절하다는', '댓글', '있어서', '망설이다', '갔는데', '음식', '종류', '많고', '가격', '대비', '내용', '충실해서', '외국인', '점심', '먹기', '안성맞춤', '마침', '갔던', '중국', '친구', '미국', '친구', '맛있게', '먹어서', '만족', '전시회', '삼성동', '자주', '오는', '나로', '서는', '가성']","[('코엑스', 'Noun'), ('에', 'Josa'), ('같이', 'Adverb'), ('온', 'Noun'), ('외국인', 'Noun'), ('두', 'Noun'), ('명', 'Noun'), ('을', 'Josa'), ('데리', 'Noun'), ('고', 'Josa'), ('점심', 'Noun'), ('을', 'Josa'), ('먹어야', 'Verb'), ('하는데', 'Verb'), ('뭘', 'Noun'), ('좋아할', 'Adjective'), ('찌', 'Noun'), ('몰라', 'Verb'), ('고민', 'Noun'), ('하며', 'Verb'), ('검색', 'Noun'), ('을', 'Josa'), ('했는데', 'Verb'), ('후', 'Noun'), ('레쉬', 'Noun'), ('빌의', 'Verb'), ('종업원', 'Noun'), ('이', 'Josa'), ('불친절하다는', 'Adjective'), ('등', 'Noun'), ('의', 'Josa'), ('댓글', 'Noun'), ('이', 'Josa'), ('있어서', 'Adjective'), ('망설이다', 'Verb'), ('갔는데', 'Verb'), ('음식', 'Noun'), ('종류', 'Noun'), ('도', 'Josa'), ('많고', 'Adjective'), ('가격', 'Noun'), ('대비', 'Noun'), ('내용', 'Noun'), ('이', 'Josa'), ('충실해서', 'Adjective'), ('외국인', 'Noun'), ('과', 'Josa'), ('점심', 'Noun'), ('먹기', 'Noun'), ('엔', 'Josa'), ('정말', 'Noun'), ('안성맞춤', 'Noun'), ('이네', 'Josa'), ('요', 'Noun'), ('마침', 'Noun'), ('같이', 'Adverb'), ('갔던', 'Verb'), ('중국', 'Noun'), ('친구', 'Noun'), ('도', 'Josa'), ('미국', 'Noun'), ('친구', 'Noun'), ('도', 'Josa'), ('모두', 'Noun'), ('맛있게', 'Adjective'), ('먹어서', 'Verb'), ('일단', 'Noun'), ('대', 'Modifier'), ('만족', 'Noun'), ('이고', 'Josa'), ('전시회', 'Noun'), ('때문', 'Noun'), ('에', 'Josa'), ('삼성동', 'Noun'), ('에', 'Josa'), ('자주', 'Noun'), ('오는', 'Verb'), ('나로', 'Noun'), ('서는', 'Verb'), ('가성', 'Noun')]"
후레쉬빌 삼성역본점,강남구,맛도 없고 엄청 짜요 돈가스는 튀김옷 많은 냉동이고 햄버그스테이크에서는 냄새나요 매운 돈가스는 그냥 캡사이신 맛 그리고 밥 주신 거 먹기 전부터 이상한 갈색 물체들이 있더라고요 직원들 서비스도 별로도 마스크도 안 써요 여기 와서 돈 버리지 말고 그냥 근처 모 천당이나 사보텐을 가세요 강남에 이렇게 맛없는 곳은 처음이네요,0.0,"['맛', '없고', '짜요', '돈가스', '튀김', '많은', '냉동', '햄버그스테이크', '에서는', '냄새', '매운', '돈가스', '캡사이신', '맛', '주신', '먹기', '이상한', '갈색', '물체', '있더라고요', '직원', '서비스', '별로', '마스크', '써요', '와서', '버리지', '근처', '천당', '사보텐', '가세', '강남', '맛없는', '처음']","[('맛', 'Noun'), ('도', 'Josa'), ('없고', 'Adjective'), ('엄청', 'Adverb'), ('짜요', 'Verb'), ('돈가스', 'Noun'), ('는', 'Josa'), ('튀김', 'Noun'), ('옷', 'Noun'), ('많은', 'Adjective'), ('냉동', 'Noun'), ('이고', 'Josa'), ('햄버그스테이크', 'Noun'), ('에서는', 'Josa'), ('냄새', 'Noun'), ('나', 'Josa'), ('요', 'Noun'), ('매운', 'Adjective'), ('돈가스', 'Noun'), ('는', 'Josa'), ('그냥', 'Noun'), ('캡사이신', 'Noun'), ('맛', 'Noun'), ('그리고', 'Conjunction'), ('밥', 'Noun'), ('주신', 'Noun'), ('거', 'Noun'), ('먹기', 'Noun'), ('전', 'Noun'), ('부터', 'Josa'), ('이상한', 'Adjective'), ('갈색', 'Noun'), ('물체', 'Noun'), ('들', 'Suffix'), ('이', 'Josa'), ('있더라고요', 'Adjective'), ('직원', 'Noun'), ('들', 'Suffix'), ('서비스', 'Noun'), ('도', 'Josa'), ('별로', 'Noun'), ('도', 'Josa'), ('마스크', 'Noun'), ('도', 'Josa'), ('안', 'Noun'), ('써요', 'Verb'), ('여기', 'Noun'), ('와서', 'Verb'), ('돈', 'Noun'), ('버리지', 'Verb'), ('말고', 'Josa'), ('그냥', 'Noun'), ('근처', 'Noun'), ('모', 'Noun'), ('천당', 'Noun'), ('이나', 'Josa'), ('사보텐', 'Noun'), ('을', 'Josa'), ('가세', 'Noun'), ('요', 'Josa'), ('강남', 'Noun'), ('에', 'Josa'), ('이렇게', 'Adverb'), ('맛없는', 'Adjective'), ('곳', 'Noun'), ('은', 'Josa'), ('처음', 'Noun'), ('이네', 'Josa'), ('요', 'Noun')]"
후레쉬빌 삼성역본점,강남구,유튜브에서 본 오므라이스 돈가스를 먹었는데 초반엔 맛있었는데 끝에는 좀 느끼했다 기본 반찬 맛이 신기한데 맛이 없다,1.0,"['유튜브', '오므라이스', '돈가스', '먹었는데', '초반', '맛있었는데', '느끼했다', '기본', '반찬', '맛', '신기한데', '맛']","[('유튜브', 'Noun'), ('에서', 'Josa'), ('본', 'Verb'), ('오므라이스', 'Noun'), ('돈가스', 'Noun'), ('를', 'Josa'), ('먹었는데', 'Verb'), ('초반', 'Noun'), ('엔', 'Josa'), ('맛있었는데', 'Adjective'), ('끝', 'Noun'), ('에는', 'Josa'), ('좀', 'Noun'), ('느끼했다', 'Adjective'), ('기본', 'Noun'), ('반찬', 'Noun'), ('맛', 'Noun'), ('이', 'Josa'), ('신기한데', 'Verb'), ('맛', 'Noun'), ('이', 'Josa'), ('없다', 'Adjective')]"
후레쉬빌 삼성역본점,강남구,맛은 평범하고 고객 접대 최악입니다 기분 나빠서 다신 안 갑니다 절대 안 가요,0.0,"['맛', '평범하고', '고객', '접대', '최악', '기분', '나빠서', '다신', '갑니다', '절대']","[('맛', 'Noun'), ('은', 'Josa'), ('평범하고', 'Adjective'), ('고객', 'Noun'), ('접대', 'Noun'), ('최악', 'Noun'), ('입니다', 'Adjective'), ('기분', 'Noun'), ('나빠서', 'Adjective'), ('다신', 'Verb'), ('안', 'Noun'), ('갑니다', 'Verb'), ('절대', 'Noun'), ('안', 'Noun'), ('가요', 'Noun')]"
후레쉬빌 삼성역본점,강남구,무난하게 만 있 가락국수 국물 맛있네요,1.0,"['무난', '하게', '있', '가락국수', '국물', '맛있네요']","[('무난', 'Noun'), ('하게', 'Verb'), ('만', 'Noun'), ('있', 'Adjective'), ('가락국수', 'Noun'), ('국물', 'Noun'), ('맛있네요', 'Adjective')]"
후레쉬빌 삼성역본점,강남구,친구랑 삼성역 근처 놀러 왔다가 삼성역 맛 집이라고 해서 처음 가봤는데 맛 집이라고 할만하네요 셀프 샐러드바 있는 점도 좋고 특히 오므라이스 소스 너무 맛있어요 짱,1.0,"['친구', '삼성역', '근처', '놀러', '왔다가', '삼성역', '맛', '처음', '가봤는데', '맛', '할만', '하네요', '셀프', '샐러드', '있는', '점도', '좋고', '오므라이스', '소스', '맛있어요']","[('친구', 'Noun'), ('랑', 'Josa'), ('삼성역', 'Noun'), ('근처', 'Noun'), ('놀러', 'Verb'), ('왔다가', 'Verb'), ('삼성역', 'Noun'), ('맛', 'Noun'), ('집', 'Noun'), ('이라고', 'Josa'), ('해서', 'Verb'), ('처음', 'Noun'), ('가봤는데', 'Verb'), ('맛', 'Noun'), ('집', 'Noun'), ('이라고', 'Josa'), ('할만', 'Verb'), ('하네요', 'Verb'), ('셀프', 'Noun'), ('샐러드', 'Noun'), ('바', 'Noun'), ('있는', 'Adjective'), ('점도', 'Noun'), ('좋고', 'Adjective'), ('특히', 'Adverb'), ('오므라이스', 'Noun'), ('소스', 'Noun'), ('너무', 'Adverb'), ('맛있어요', 'Adjective'), ('짱', 'Noun')]"
후레쉬빌 삼성역본점,강남구,장파 돈 너무 맛있어요 양도 많고 인테리어도 멋스러운 분위기도 좋고 무엇보다 제가 좋아하는 스타일입니다,1.0,"['장파', '맛있어요', '양도', '많고', '인테리어', '스러운', '분위기', '좋고', '좋아하는', '스타일']","[('장파', 'Noun'), ('돈', 'Noun'), ('너무', 'Adverb'), ('맛있어요', 'Adjective'), ('양도', 'Noun'), ('많고', 'Adjective'), ('인테리어', 'Noun'), ('도', 'Josa'), ('멋', 'Noun'), ('스러운', 'Josa'), ('분위기', 'Noun'), ('도', 'Josa'), ('좋고', 'Adjective'), ('무엇', 'Noun'), ('보다', 'Josa'), ('제', 'Noun'), ('가', 'Josa'), ('좋아하는', 'Adjective'), ('스타일', 'Noun'), ('입니다', 'Adjective')]"
후레쉬빌 삼성역본점,강남구,요즘 코로나 때문에 아기들 데리고 멀리 나가기 힘든데ㅠㅠ 일단 집 앞에 있다는 점이 제일 맘에 듭니다ᄒᄒ   메뉴가 다양해서 애들이 엄청 좋아해요 특히 오늘 먹은 함박은 촉촉하고 부드럽고 애들 입맛에도  좋았지만 엄청 제 입맛입니다  반숙 올려 먹으니까 그냥 ㅠㅠ 입에서 녹아 사라졌어요   매장 분위기도 좋고 벽에 쏘는 영상에 나오는 음식들도,1.0,"['요즘', '코로나', '아기', '데리', '멀리', '나가기', '힘든데', '있다는', '듭니', 'ᄒᄒ', '메뉴', '다양해서', '좋아해요', '먹은', '박은', '촉촉하고', '부드럽고', '입맛', '에도', '좋았지만', '입맛', '반숙', '올려', '먹으니까', '녹아', '사라졌어요', '매장', '분위기', '좋고', '쏘는', '영상', '나오는', '음식']","[('요즘', 'Noun'), ('코로나', 'Noun'), ('때문', 'Noun'), ('에', 'Josa'), ('아기', 'Noun'), ('들', 'Suffix'), ('데리', 'Noun'), ('고', 'Josa'), ('멀리', 'Noun'), ('나가기', 'Verb'), ('힘든데', 'Adjective'), ('ㅠㅠ', 'KoreanParticle'), ('일단', 'Noun'), ('집', 'Noun'), ('앞', 'Noun'), ('에', 'Josa'), ('있다는', 'Adjective'), ('점', 'Noun'), ('이', 'Josa'), ('제일', 'Noun'), ('맘', 'Noun'), ('에', 'Josa'), ('듭니', 'Noun'), ('다', 'Josa'), ('ᄒᄒ', 'Foreign'), ('메뉴', 'Noun'), ('가', 'Josa'), ('다양해서', 'Adjective'), ('애', 'Noun'), ('들', 'Suffix'), ('이', 'Josa'), ('엄청', 'Adverb'), ('좋아해요', 'Adjective'), ('특히', 'Adverb'), ('오늘', 'Noun'), ('먹은', 'Verb'), ('함', 'Noun'), ('박은', 'Verb'), ('촉촉하고', 'Adjective'), ('부드럽고', 'Adjective'), ('애', 'Noun'), ('들', 'Suffix'), ('입맛', 'Noun'), ('에도', 'Josa'), ('좋았지만', 'Adjective'), ('엄청', 'Adverb'), ('제', 'Noun'), ('입맛', 'Noun'), ('입니다', 'Adjective'), ('반숙', 'Noun'), ('올려', 'Verb'), ('먹으니까', 'Verb'), ('그냥', 'Noun'), ('ㅠㅠ', 'KoreanParticle'), ('입', 'Noun'), ('에서', 'Josa'), ('녹아', 'Verb'), ('사라졌어요', 'Verb'), ('매장', 'Noun'), ('분위기', 'Noun'), ('도', 'Josa'), ('좋고', 'Adjective'), ('벽', 'Noun'), ('에', 'Josa'), ('쏘는', 'Verb'), ('영상', 'Noun'), ('에', 'Josa'), ('나오는', 'Verb'), ('음식', 'Noun'), ('들', 'Suffix'), ('도', 'Josa')]"
후레쉬빌 삼성역본점,강남구,구성비 좋고 직원들이 엄청 친절하네요,1.0,"['성비', '좋고', '직원', '친절하네요']","[('구', 'Modifier'), ('성비', 'Noun'), ('좋고', 'Adjective'), ('직원', 'Noun'), ('들', 'Suffix'), ('이', 'Josa'), ('엄청', 'Adverb'), ('친절하네요', 'Adjective')]"
후레쉬빌 삼성역본점,강남구,근처 매장에서 배달시켜 먹었는데 이건 너무 심한 거 같아서 올려요 작은 놈도 아니고 큰 똥파리가 냉메밀 육수 밑에 들어있네요검은콩싸이즌데 못 볼 리도 없고,0.0,"['근처', '매장', '배달', '시켜', '먹었는데', '심한', '같아서', '올려요', '작은', '아니고', '똥파리', '메밀', '육수', '들어있네요', '검은', '싸이', '즌데', '리도', '없고']","[('근처', 'Noun'), ('매장', 'Noun'), ('에서', 'Josa'), ('배달', 'Noun'), ('시켜', 'Verb'), ('먹었는데', 'Verb'), ('이건', 'Noun'), ('너무', 'Adverb'), ('심한', 'Adjective'), ('거', 'Noun'), ('같아서', 'Adjective'), ('올려요', 'Verb'), ('작은', 'Adjective'), ('놈', 'Noun'), ('도', 'Josa'), ('아니고', 'Adjective'), ('큰', 'Verb'), ('똥파리', 'Noun'), ('가', 'Josa'), ('냉', 'Noun'), ('메밀', 'Noun'), ('육수', 'Noun'), ('밑', 'Noun'), ('에', 'Josa'), ('들어있네요', 'Verb'), ('검은', 'Adjective'), ('콩', 'Noun'), ('싸이', 'Noun'), ('즌데', 'Noun'), ('못', 'Noun'), ('볼', 'Noun'), ('리도', 'Noun'), ('없고', 'Adjective')]"
후레쉬빌 삼성역본점,강남구,치즈 메뉴 존 만,1.0,"['치즈', '메뉴']","[('치즈', 'Noun'), ('메뉴', 'Noun'), ('존', 'Noun'), ('만', 'Noun')]"
어거스트힐 강남점,강남구,무난하게 맛있었어요,1.0,"['무난', '하게', '맛있었어요']","[('무난', 'Noun'), ('하게', 'Verb'), ('맛있었어요', 'Adjective')]"
어거스트힐 강남점,강남구,댓글 작업은 거릅니다,0.0,"['댓글', '작업', '거릅니']","[('댓글', 'Noun'), ('작업', 'Noun'), ('은', 'Josa'), ('거릅니', 'Noun'), ('다', 'Josa')]"
어거스트힐 강남점,강남구,예약 안돼서 일찍 갔는데 안쪽 말고 큰 홀은 사람 하나도 없는데 일행 기다리는 중에 앉지도 못하게 하면고 시간제한 있으니까 빨리 시키기부터 하라고 함  큐얼 코드도 안되고 아주 일이 싫은 분들이 일을 하고 있음 가만히 듣고 있던 일행도 이 비 오는데 다른 곳 가자 할 정도로 말을 참 기분 나쁘게 하네요 젊은척하는 남성분 마음씨가 얼굴에 나온답니다 주변,0.0,"['예약', '돼서', '일찍', '갔는데', '안쪽', '사람', '없는데', '일행', '기다리는', '앉지도', '하게', '하면고', '시간제', '있으니까', '빨리', '시키', '하라', '큐얼', '코드', '안되고', '아주', '싫은', '있음', '가만히', '듣고', '있던', '일행', '오는데', '가자', '기분', '나쁘게', '하네요', '젊은', '남성', '마음씨', '얼굴', '나온답니다', '주변']","[('예약', 'Noun'), ('안', 'VerbPrefix'), ('돼서', 'Verb'), ('일찍', 'Noun'), ('갔는데', 'Verb'), ('안쪽', 'Noun'), ('말고', 'Josa'), ('큰', 'Verb'), ('홀', 'Noun'), ('은', 'Josa'), ('사람', 'Noun'), ('하나', 'Noun'), ('도', 'Josa'), ('없는데', 'Adjective'), ('일행', 'Noun'), ('기다리는', 'Verb'), ('중', 'Noun'), ('에', 'Josa'), ('앉지도', 'Verb'), ('못', 'VerbPrefix'), ('하게', 'Verb'), ('하면고', 'Verb'), ('시간제', 'Noun'), ('한', 'Josa'), ('있으니까', 'Adjective'), ('빨리', 'Adverb'), ('시키', 'Verb'), ('기', 'Noun'), ('부터', 'Josa'), ('하라', 'Noun'), ('고', 'Josa'), ('함', 'Noun'), ('큐얼', 'Noun'), ('코드', 'Noun'), ('도', 'Josa'), ('안되고', 'Adjective'), ('아주', 'Noun'), ('일이', 'Modifier'), ('싫은', 'Adjective'), ('분', 'Noun'), ('들', 'Suffix'), ('이', 'Josa'), ('일', 'Noun'), ('을', 'Josa'), ('하고', 'Verb'), ('있음', 'Adjective'), ('가만히', 'Adverb'), ('듣고', 'Verb'), ('있던', 'Adjective'), ('일행', 'Noun'), ('도', 'Josa'), ('이', 'Noun'), ('비', 'Noun'), ('오는데', 'Verb'), ('다른', 'Noun'), ('곳', 'Noun'), ('가자', 'Verb'), ('할', 'Verb'), ('정도', 'Noun'), ('로', 'Josa'), ('말', 'Noun'), ('을', 'Josa'), ('참', 'Verb'), ('기분', 'Noun'), ('나쁘게', 'Adjective'), ('하네요', 'Verb'), ('젊은', 'Adjective'), ('척', 'Noun'), ('하', 'Suffix'), ('는', 'Josa'), ('남성', 'Noun'), ('분', 'Suffix'), ('마음씨', 'Noun'), ('가', 'Josa'), ('얼굴', 'Noun'), ('에', 'Josa'), ('나온답니다', 'Verb'), ('주변', 'Noun')]"
어거스트힐 강남점,강남구,주작충,0.0,['주작'],"[('주작', 'Noun'), ('충', 'Noun')]"
어거스트힐 강남점,강남구,오래전부터 다니던 곳인데 점점 서비스가 안 좋아지고 직원들 상태가 ,0.0,"['오래전', '다니던', '점점', '서비스', '좋아지고', '직원', '상태']","[('오래전', 'Adverb'), ('부터', 'Noun'), ('다니던', 'Verb'), ('곳', 'Noun'), ('인데', 'Josa'), ('점점', 'Noun'), ('서비스', 'Noun'), ('가', 'Josa'), ('안', 'Noun'), ('좋아지고', 'Verb'), ('직원', 'Noun'), ('들', 'Suffix'), ('상태', 'Noun'), ('가', 'Josa')]"
어거스트힐 강남점,강남구,광고 댓글 알바의 심  본 댓글은 해당 식당을 방문하진 않았으나 동일 날짜에 여러 명의 댓글 알바가 의심되어 참고용으로 남깁니다,0.0,"['광고', '댓글', '알바', '댓글', '해당', '식당', '방문', '하진', '않았으나', '동일', '날짜', '명의', '댓글', '알바', '의심', '되어', '참고', '남깁니다']","[('광고', 'Noun'), ('댓글', 'Noun'), ('알바', 'Noun'), ('의', 'Josa'), ('심', 'Noun'), ('본', 'Verb'), ('댓글', 'Noun'), ('은', 'Josa'), ('해당', 'Noun'), ('식당', 'Noun'), ('을', 'Josa'), ('방문', 'Noun'), ('하진', 'Verb'), ('않았으나', 'Verb'), ('동일', 'Noun'), ('날짜', 'Noun'), ('에', 'Josa'), ('여러', 'Noun'), ('명의', 'Noun'), ('댓글', 'Noun'), ('알바', 'Noun'), ('가', 'Josa'), ('의심', 'Noun'), ('되어', 'Verb'), ('참고', 'Noun'), ('용', 'Noun'), ('으로', 'Josa'), ('남깁니다', 'Verb')]"
어거스트힐 강남점,강남구,댓글 작업   빅 픽처라는 업소 댓글들을 보니 이상한 흐름이 보여서 쭉 보니 하남 숯불  제주김만복얘네진짜심함참멜어거스트힐건봉국밥드르쿰다제주하영뷰티온리고집돌우럭정성담보스턴치과 등이 공통으로 잡힘 월에 남긴 리뷰는 대부분 작업 리뷰 대행사가 겁내 무식하게 작업함,0.0,"['댓글', '작업', '픽처', '업소', '댓글', '보니', '이상한', '흐름', '보니', '하남', '숯불', '김만복', '심함', '어거스트', '힐건봉', '국밥', '드르쿰', '제주', '하영', '뷰티', '온리', '고집', '우럭', '정성', '담보', '스턴', '치과', '공통', '잡힘', '남긴', '리뷰', '대부분', '작업', '리뷰', '행사', '겁내', '무식하게', '작업']","[('댓글', 'Noun'), ('작업', 'Noun'), ('빅', 'Noun'), ('픽처', 'Noun'), ('라는', 'Josa'), ('업소', 'Verb'), ('댓글', 'Noun'), ('들', 'Suffix'), ('을', 'Josa'), ('보니', 'Verb'), ('이상한', 'Adjective'), ('흐름', 'Noun'), ('이', 'Josa'), ('보', 'Noun'), ('여서', 'Josa'), ('쭉', 'Noun'), ('보니', 'Verb'), ('하남', 'Noun'), ('숯불', 'Noun'), ('제', 'Modifier'), ('주', 'Modifier'), ('김만복', 'Noun'), ('얘', 'Noun'), ('네', 'Determiner'), ('진짜', 'Noun'), ('심함', 'Adjective'), ('참', 'Verb'), ('멜', 'Verb'), ('어거스트', 'Noun'), ('힐건봉', 'Noun'), ('국밥', 'Noun'), ('드르쿰', 'Noun'), ('다', 'Adverb'), ('제주', 'Noun'), ('하영', 'Adverb'), ('뷰티', 'Noun'), ('온리', 'Verb'), ('고집', 'Noun'), ('돌', 'Noun'), ('우럭', 'Noun'), ('정성', 'Noun'), ('담보', 'Noun'), ('스턴', 'Noun'), ('치과', 'Noun'), ('등', 'Noun'), ('이', 'Josa'), ('공통', 'Noun'), ('으로', 'Josa'), ('잡힘', 'Verb'), ('월', 'Noun'), ('에', 'Josa'), ('남긴', 'Verb'), ('리뷰', 'Noun'), ('는', 'Josa'), ('대부분', 'Noun'), ('작업', 'Noun'), ('리뷰', 'Noun'), ('대', 'Modifier'), ('행사', 'Noun'), ('가', 'Josa'), ('겁내', 'Noun'), ('무식하게', 'Adjective'), ('작업', 'Noun'), ('함', 'Noun')]"
어거스트힐 강남점,강남구,저는 맛있게 먹었어요 생각보다 안 나왔음 피자는 식어서 나와서 음했고 새우 오일 파스타랑 나초 아보카도 샐러드 맛있었어요 여덟시 반에 주문 마감하니 참고하세요,1.0,"['맛있게', '먹었어요', '생각', '나왔음', '피자', '식어서', '나와서', '했고', '새우', '오일', '파스타', '나초', '아보카도', '샐러드', '맛있었어요', '여덟시', '주문', '마감', '하니', '참고', '하세요']","[('저', 'Noun'), ('는', 'Josa'), ('맛있게', 'Adjective'), ('먹었어요', 'Verb'), ('생각', 'Noun'), ('보다', 'Josa'), ('안', 'Noun'), ('나왔음', 'Verb'), ('피자', 'Noun'), ('는', 'Josa'), ('식어서', 'Verb'), ('나와서', 'Verb'), ('음', 'Noun'), ('했고', 'Verb'), ('새우', 'Noun'), ('오일', 'Noun'), ('파스타', 'Noun'), ('랑', 'Josa'), ('나초', 'Noun'), ('아보카도', 'Noun'), ('샐러드', 'Noun'), ('맛있었어요', 'Adjective'), ('여덟시', 'Noun'), ('반', 'Noun'), ('에', 'Josa'), ('주문', 'Noun'), ('마감', 'Noun'), ('하니', 'Verb'), ('참고', 'Noun'), ('하세요', 'Verb')]"
어거스트힐 강남점,강남구,평점 알바 너무 티 나요 ㅠㅠ 점 리뷰가 찐이니까 잘 보고 방문하세요ㅠㅠㅠ,0.0,"['평점', '알바', '나요', '리뷰', '찐이니까', '잘', '방문', '하세요']","[('평점', 'Noun'), ('알바', 'Noun'), ('너무', 'Adverb'), ('티', 'Noun'), ('나요', 'Eomi'), ('ㅠㅠ', 'KoreanParticle'), ('점', 'Noun'), ('리뷰', 'Noun'), ('가', 'Josa'), ('찐이니까', 'Verb'), ('잘', 'Verb'), ('보고', 'Noun'), ('방문', 'Noun'), ('하세요', 'Verb'), ('ㅠㅠㅠ', 'KoreanParticle')]"
어거스트힐 강남점,강남구,데이트 맛집 파스타 너무 맛있었어요 다음에 또 갈려고요 서빙 로봇 귀여워요,1.0,"['데이트', '맛집', '파스타', '맛있었어요', '또', '갈려고요', '서빙', '로봇', '귀여워요']","[('데이트', 'Noun'), ('맛집', 'Noun'), ('파스타', 'Noun'), ('너무', 'Adverb'), ('맛있었어요', 'Adjective'), ('다음', 'Noun'), ('에', 'Josa'), ('또', 'Noun'), ('갈려고요', 'Verb'), ('서빙', 'Noun'), ('로봇', 'Noun'), ('귀여워요', 'Adjective')]"
어거스트힐 강남점,강남구,다시 오라면 음  맛  평범 대중적 가격  매우 비쌈 맛있게 먹긴 했으나 맛에 비해 가격이 매우 비쌈 인테리어는 괜춘  다시 올 것 같진 않음 더 싸고 맛있는 곳이 너무 많아서ㅠㅠ,0.0,"['오라', '맛', '평범', '대중', '가격', '비쌈', '맛있게', '먹긴', '했으나', '맛', '비해', '가격', '비쌈', '인테리어', '괜춘', '같진', '않음', '싸고', '맛있는', '많아서']","[('다시', 'Noun'), ('오라', 'Noun'), ('면', 'Josa'), ('음', 'Noun'), ('맛', 'Noun'), ('평범', 'Noun'), ('대중', 'Noun'), ('적', 'Suffix'), ('가격', 'Noun'), ('매우', 'Noun'), ('비쌈', 'Adjective'), ('맛있게', 'Adjective'), ('먹긴', 'Verb'), ('했으나', 'Verb'), ('맛', 'Noun'), ('에', 'Josa'), ('비해', 'Verb'), ('가격', 'Noun'), ('이', 'Josa'), ('매우', 'Noun'), ('비쌈', 'Adjective'), ('인테리어', 'Noun'), ('는', 'Josa'), ('괜춘', 'Noun'), ('다시', 'Noun'), ('올', 'Verb'), ('것', 'Noun'), ('같진', 'Adjective'), ('않음', 'Verb'), ('더', 'Noun'), ('싸고', 'Verb'), ('맛있는', 'Adjective'), ('곳', 'Noun'), ('이', 'Josa'), ('너무', 'Adverb'), ('많아서', 'Adjective'), ('ㅠㅠ', 'KoreanParticle')]"
어거스트힐 강남점,강남구,스파게티들도 짜고 고기도 짜고 안 짠 건 물 밖에,0.0,"['스파게티', '짜고', '고기', '짜고']","[('스파게티', 'Noun'), ('들', 'Suffix'), ('도', 'Josa'), ('짜고', 'Verb'), ('고기', 'Noun'), ('도', 'Josa'), ('짜고', 'Verb'), ('안', 'Noun'), ('짠', 'Verb'), ('건', 'Noun'), ('물', 'Noun'), ('밖에', 'Josa')]"
어거스트힐 강남점,강남구,데이트하기 좋아요,1.0,"['데이트', '하기', '좋아요']","[('데이트', 'Noun'), ('하기', 'Verb'), ('좋아요', 'Adjective')]"
어거스트힐 강남점,강남구,진짜 맛있네요 가격도 안 비쌌는데 양도 많고 퀄리티 높고 아주 만족하게 먹었어요,1.0,"['맛있네요', '가격', '비쌌는데', '양도', '많고', '퀄리티', '높고', '아주', '만족하게', '먹었어요']","[('진짜', 'Noun'), ('맛있네요', 'Adjective'), ('가격', 'Noun'), ('도', 'Josa'), ('안', 'Noun'), ('비쌌는데', 'Adjective'), ('양도', 'Noun'), ('많고', 'Adjective'), ('퀄리티', 'Noun'), ('높고', 'Adjective'), ('아주', 'Noun'), ('만족하게', 'Adjective'), ('먹었어요', 'Verb')]"
어거스트힐 강남점,강남구,예전 그 맛이 아님 싼 맛이 느낌에 그렇지 않은 가격,0.0,"['예전', '맛', '아님', '맛', '느낌', '않은', '가격']","[('예전', 'Noun'), ('그', 'Noun'), ('맛', 'Noun'), ('이', 'Josa'), ('아님', 'Adjective'), ('싼', 'Verb'), ('맛', 'Noun'), ('이', 'Josa'), ('느낌', 'Noun'), ('에', 'Josa'), ('그렇지', 'Adjective'), ('않은', 'Verb'), ('가격', 'Noun')]"
어거스트힐 강남점,강남구,굿굿,1.0,['굿굿'],"[('굿굿', 'Noun')]"
어거스트힐 강남점,강남구,또 가고 싶은 맛이네요,1.0,"['또', '가고', '싶은', '맛']","[('또', 'Noun'), ('가고', 'Verb'), ('싶은', 'Verb'), ('맛', 'Noun'), ('이네', 'Josa'), ('요', 'Noun')]"
어거스트힐 강남점,강남구,저녁 티본스테이크 세트 먹었습니다 극히 평범,0.0,"['저녁', '스테이크', '세트', '먹었습니다', '극히', '평범']","[('저녁', 'Noun'), ('티', 'Noun'), ('본', 'Modifier'), ('스테이크', 'Noun'), ('세트', 'Noun'), ('먹었습니다', 'Verb'), ('극히', 'Noun'), ('평범', 'Noun')]"
어거스트힐 강남점,강남구,너무 맛있네요  해산물 크림 파스타랑 디아블로 피자 거기에 서버분들 친절하시고  또 오겠습니다 ,1.0,"['맛있네요', '해산물', '크림', '파스타', '디아블로', '피자', '거기', '서버', '분들', '친절하시고', '또', '오겠습니다']","[('너무', 'Adverb'), ('맛있네요', 'Adjective'), ('해산물', 'Noun'), ('크림', 'Noun'), ('파스타', 'Noun'), ('랑', 'Josa'), ('디아블로', 'Noun'), ('피자', 'Noun'), ('거기', 'Noun'), ('에', 'Josa'), ('서버', 'Noun'), ('분들', 'Suffix'), ('친절하시고', 'Adjective'), ('또', 'Noun'), ('오겠습니다', 'Verb')]"
어거스트힐 강남점,강남구,분위기 좋고 플레 히팅이 너무 이뻐요 남자친구랑 또 와야겠네요,1.0,"['분위기', '좋고', '플레', '히팅', '이뻐요', '남자친구', '또', '와야겠네요']","[('분위기', 'Noun'), ('좋고', 'Adjective'), ('플레', 'Noun'), ('히팅', 'Noun'), ('이', 'Josa'), ('너무', 'Adverb'), ('이뻐요', 'Adjective'), ('남자친구', 'Noun'), ('랑', 'Josa'), ('또', 'Noun'), ('와야겠네요', 'Verb')]"
어거스트힐 강남점,강남구,런치 세트 먹었는데 존맛탱에 양도 많아요,1.0,"['런치', '세트', '먹었는데', '존맛탱', '양도', '많아요']","[('런치', 'Noun'), ('세트', 'Noun'), ('먹었는데', 'Verb'), ('존맛탱', 'Noun'), ('에', 'Josa'), ('양도', 'Noun'), ('많아요', 'Adjective')]"
어거스트힐 강남점,강남구,친구 소개로 알게 되었는데 분위기가 정말 좋고 맛은 더 맛있음,1.0,"['친구', '소개', '되었는데', '분위기', '좋고', '맛', '맛있음']","[('친구', 'Noun'), ('소개', 'Noun'), ('로', 'Josa'), ('알', 'Noun'), ('게', 'Josa'), ('되었는데', 'Verb'), ('분위기', 'Noun'), ('가', 'Josa'), ('정말', 'Noun'), ('좋고', 'Adjective'), ('맛', 'Noun'), ('은', 'Josa'), ('더', 'Noun'), ('맛있음', 'Adjective')]"
